[
        { "last_name": "Alagić ", "first_name": "Džemal"},
{ "last_name": "Alagić ", "first_name": "Minka *Sarajlić "},
{ "last_name": "Alić", "first_name": "Asim"},
{ "last_name": "Alić", "first_name": "Kasim"},
{ "last_name": "Ališić ", "first_name": "Ajdin"},
{ "last_name": "Ališić ", "first_name": "Mejaz"},
{ "last_name": "Ališić ", "first_name": "Mirhad"},
{ "last_name": "Ališić ", "first_name": "Zijad"},
{ "last_name": "Avdagić ", "first_name": "Agan *Fate"},
{ "last_name": "Avdagić ", "first_name": "Asmir *Hare"},
{ "last_name": "Avdagić ", "first_name": "Erdina"},
{ "last_name": "Avdagić ", "first_name": "Rasima"},
{ "last_name": "Avdagić ", "first_name": "Semir"},
{ "last_name": "Bajrić", "first_name": "Bakir"},
{ "last_name": "Bajrić ", "first_name": "Aida"},
{ "last_name": "Bajrić ", "first_name": "Nedžad"},
{ "last_name": "Baltić", "first_name": "Emina"},
{ "last_name": "Bašić ", "first_name": "Admir"},
{ "last_name": "Bašić ", "first_name": "Ahmet"},
{ "last_name": "Bašić ", "first_name": "Asima"},
{ "last_name": "Bašić ", "first_name": "Asmir *Ako"},
{ "last_name": "Bašić ", "first_name": "Bahrija *Naila"},
{ "last_name": "Bašić ", "first_name": "Bahrija *Ramiz "},
{ "last_name": "Bašić ", "first_name": "Emina"},
{ "last_name": "Bašić ", "first_name": "Esad"},
{ "last_name": "Bašić ", "first_name": "Fatima"},
{ "last_name": "Bašić ", "first_name": "Fikret"},
{ "last_name": "Bašić ", "first_name": "Hanife * Biba"},
{ "last_name": "Bašić ", "first_name": "Harka"},
{ "last_name": "Bašić ", "first_name": "Jasmin"},
{ "last_name": "Bašić ", "first_name": "Mevla"},
{ "last_name": "Bašić ", "first_name": "Mirzet"},
{ "last_name": "Bašić ", "first_name": "Muharem"},
{ "last_name": "Bašić ", "first_name": "Nermin"},
{ "last_name": "Bašić ", "first_name": "Smail"},
{ "last_name": "Bašić ", "first_name": "Smail *Muharema"},
{ "last_name": "Bašić ", "first_name": "Zemka"},
{ "last_name": "Bejtović", "first_name": "Muharem"},
{ "last_name": "Bešić", "first_name": "Fahrudin"},
{ "last_name": "Bešić ", "first_name": "Said"},
{ "last_name": "Bešlagić", "first_name": "Sefik"},
{ "last_name": "Biščević", "first_name": "Bakir"},
{ "last_name": "Biščević", "first_name": "Tidže"},
{ "last_name": "Brakić", "first_name": "Abdulah"},
{ "last_name": "Brakić", "first_name": "Asmir"},
{ "last_name": "Brakić", "first_name": "Mihranka"},
{ "last_name": "Brakić", "first_name": "Sebiha"},
{ "last_name": "Brandić", "first_name": "Dževad"},
{ "last_name": "Brandić", "first_name": "Hasan"},
{ "last_name": "Brandić", "first_name": "Hazim"},
{ "last_name": "Brandić", "first_name": "Selim"},
{ "last_name": "Brandić", "first_name": "Velid"},
{ "last_name": "Brandić ", "first_name": "Vahida"},
{ "last_name": "Brdar", "first_name": "Ahmet"},
{ "last_name": "Brdar", "first_name": "Edin"},
{ "last_name": "Brdar", "first_name": "Fikra *Fate"},
{ "last_name": "Brdar", "first_name": "Mirveta"},
{ "last_name": "Brdar", "first_name": "Rasema *M"},
{ "last_name": "Brdar", "first_name": "Rifet"},
{ "last_name": "Brdar", "first_name": "Sabahudin"},
{ "last_name": "Brdar ", "first_name": "Mehmed *Mehe"},
{ "last_name": "Brkić", "first_name": "Adil"},
{ "last_name": "Brkić ", "first_name": "Jasna"},
{ "last_name": "Buljubašić  ", "first_name": "Selima"},
{ "last_name": "Čaušević", "first_name": "Ajdin"},
{ "last_name": "Čaušević", "first_name": "Azmir"},
{ "last_name": "Čaušević", "first_name": "Dževad"},
{ "last_name": "Čaušević", "first_name": "Edin *Devla"},
{ "last_name": "Čaušević", "first_name": "Edina"},
{ "last_name": "Čaušević", "first_name": "Elvir"},
{ "last_name": "Čaušević", "first_name": "Elvis"},
{ "last_name": "Čaušević", "first_name": "Hasan"},
{ "last_name": "Čaušević", "first_name": "Jusuf"},
{ "last_name": "Čaušević", "first_name": "Nedžad"},
{ "last_name": "Čaušević", "first_name": "Razija"},
{ "last_name": "Čaušević", "first_name": "Sejida"},
{ "last_name": "Čaušević", "first_name": "Smail"},
{ "last_name": "Čaušević ", "first_name": "Džemal Sr."},
{ "last_name": "Čaušević Jn.", "first_name": "Džemal Jn."},
{ "last_name": "Ćehić", "first_name": "Ćazim"},
{ "last_name": "Ćehić", "first_name": "Indir"},
{ "last_name": "Ćehić", "first_name": "Jasim"},
{ "last_name": "Ćehić", "first_name": "Muharem"},
{ "last_name": "Ćehić", "first_name": "Muharema"},
{ "last_name": "Ćehić", "first_name": "Muhiba"},
{ "last_name": "Ćehić", "first_name": "Rasma"},
{ "last_name": "Ćehić", "first_name": "Semir"},
{ "last_name": "Ćehić", "first_name": "Senita"},
{ "last_name": "Ćehić", "first_name": "Šuhra"},
{ "last_name": "Ćehić", "first_name": "Zikrija"},
{ "last_name": "Cerić", "first_name": "Rasima"},
{ "last_name": "Cerić ", "first_name": "Hazim"},
{ "last_name": "Cerić ", "first_name": "Smail"},
{ "last_name": "Crnčević", "first_name": "Esad"},
{ "last_name": "Crnčević", "first_name": "Zihad * Kemo"},
{ "last_name": "Ćurak", "first_name": "Sead"},
{ "last_name": "Ćurt", "first_name": "Huse"},
{ "last_name": "Ćurt", "first_name": "Sulejman"},
{ "last_name": "Delić ", "first_name": "Rafija *Kerić"},
{ "last_name": "Demirović", "first_name": "Mustafa"},
{ "last_name": "Demirović", "first_name": "Razim"},
{ "last_name": "Demirović", "first_name": "Safet"},
{ "last_name": "Demirović", "first_name": "Sajda"},
{ "last_name": "Demirović", "first_name": "Sevdah"},
{ "last_name": "Demirović", "first_name": "Ziza"},
{ "last_name": "Dindić", "first_name": "Sead"},
{ "last_name": "Dizdarević", "first_name": "Sevad"},
{ "last_name": "Draganović", "first_name": "Alija"},
{ "last_name": "Draganović", "first_name": "Almir"},
{ "last_name": "Draganović", "first_name": "Emir"},
{ "last_name": "Draganović", "first_name": "Hamdija"},
{ "last_name": "Draganović", "first_name": "Jasminka"},
{ "last_name": "Draganović", "first_name": "Mehmed"},
{ "last_name": "Draganović", "first_name": "Muharem"},
{ "last_name": "Draganović", "first_name": "Senad"},
{ "last_name": "Draganović", "first_name": "Smail"},
{ "last_name": "Draganović", "first_name": "Sulejman"},
{ "last_name": "Duratović", "first_name": "Sebiha"},
{ "last_name": "Džaferović", "first_name": "Murisa"},
{ "last_name": "Džafić", "first_name": "Adila"},
{ "last_name": "Džafić", "first_name": "Amir"},
{ "last_name": "Džafić", "first_name": "Asema"},
{ "last_name": "Džafić", "first_name": "Edin"},
{ "last_name": "Džafić", "first_name": "Hamdija  *Šere"},
{ "last_name": "Džafić", "first_name": "Hamdija *Sulje"},
{ "last_name": "Džafić", "first_name": "Ibrahim"},
{ "last_name": "Džafić", "first_name": "Mustafa"},
{ "last_name": "Džafić", "first_name": "Osman"},
{ "last_name": "Džafić", "first_name": "Šefkija"},
{ "last_name": "Džafić", "first_name": "Vasva"},
{ "last_name": "Džešević", "first_name": "Izet"},
{ "last_name": "Elkaz", "first_name": "Muharema"},
{ "last_name": "Fasel", "first_name": "Jerban"},
{ "last_name": "Fazlić", "first_name": "Kemal"},
{ "last_name": "Forić", "first_name": "Emira"},
{ "last_name": "Gakenxi", "first_name": "Murhaf"},
{ "last_name": "Garibović", "first_name": "Mirsad *Maisad"},
{ "last_name": "Hadžipašić ", "first_name": "Adnan"},
{ "last_name": "Hadžipašić ", "first_name": "Emir"},
{ "last_name": "Hadžisulejmanović", "first_name": "Mirzan"},
{ "last_name": "Halilović", "first_name": "Ahmet"},
{ "last_name": "Halilović", "first_name": "Asima"},
{ "last_name": "Halilović", "first_name": "Faik"},
{ "last_name": "Halilović", "first_name": "Šefka"},
{ "last_name": "Halilović", "first_name": "Šerif"},
{ "last_name": "Hasanagić", "first_name": "Almin"},
{ "last_name": "Hasanagić", "first_name": "Amir"},
{ "last_name": "Hasanagić", "first_name": "Asim"},
{ "last_name": "Hasanagić", "first_name": "Emir"},
{ "last_name": "Hasanagić", "first_name": "Ibrahim"},
{ "last_name": "Hasanagić", "first_name": "Mehmed *Bahira"},
{ "last_name": "Hasanagić", "first_name": "Mehmed *Suljo"},
{ "last_name": "Hasanagić", "first_name": "Melika"},
{ "last_name": "Hasanagić", "first_name": "Mevla *Ahmet"},
{ "last_name": "Hasanagić", "first_name": "Mevla *Mustafa"},
{ "last_name": "Hasanagić", "first_name": "Muharem"},
{ "last_name": "Hasanagić", "first_name": "Mustafa *Zijad"},
{ "last_name": "Hasanagić", "first_name": "Omer"},
{ "last_name": "Hasanagić", "first_name": "Orhan"},
{ "last_name": "Hasanagić", "first_name": "Rafet"},
{ "last_name": "Hasanagić", "first_name": "Uzeir"},
{ "last_name": "Hasanagić", "first_name": "Zehra"},
{ "last_name": "Hasanagić", "first_name": "Zlatija"},
{ "last_name": "Hasanbašić ", "first_name": "Enisa"},
{ "last_name": "Hasanbašić ", "first_name": "Zijad"},
{ "last_name": "Henić", "first_name": "Asmir"},
{ "last_name": "Henić", "first_name": "Damir"},
{ "last_name": "Henić", "first_name": "Emina"},
{ "last_name": "Henić", "first_name": "Mehmed"},
{ "last_name": "Henić", "first_name": "Munib"},
{ "last_name": "Hodžić", "first_name": "Alija"},
{ "last_name": "Hodžić", "first_name": "Ana"},
{ "last_name": "Hodžić", "first_name": "Asim"},
{ "last_name": "Hodžić", "first_name": "Damir *Hase"},
{ "last_name": "Hodžić", "first_name": "Dursum"},
{ "last_name": "Hodžić", "first_name": "Emina *Omera"},
{ "last_name": "Hodžić", "first_name": "Enes"},
{ "last_name": "Hodžić", "first_name": "Ermin"},
{ "last_name": "Hodžić", "first_name": "Faik"},
{ "last_name": "Hodžić", "first_name": "Fuad"},
{ "last_name": "Hodžić", "first_name": "Ibrahim"},
{ "last_name": "Hodžić", "first_name": "Ismet"},
{ "last_name": "Hodžić", "first_name": "Mejra *Omera"},
{ "last_name": "Hodžić", "first_name": "Mina *Mustafa"},
{ "last_name": "Hodžić", "first_name": "Mirsadeta"},
{ "last_name": "Hodžić", "first_name": "Muhamed"},
{ "last_name": "Hodžić", "first_name": "Radija"},
{ "last_name": "Hodžić", "first_name": "Sulejman"},
{ "last_name": "Hozić", "first_name": "Sadika"},
{ "last_name": "Hrstić", "first_name": "Sabahudin"},
{ "last_name": "Huskanović", "first_name": "Dervis *Dedo"},
{ "last_name": "Huskanović", "first_name": "Eniz"},
{ "last_name": "Huskanović", "first_name": "Ernad"},
{ "last_name": "Huskanović", "first_name": "Fahro"},
{ "last_name": "Huskanović", "first_name": "Halim"},
{ "last_name": "Huskanović", "first_name": "Husein"},
{ "last_name": "Huskanović", "first_name": "Ishak"},
{ "last_name": "Huskanović", "first_name": "Ismet"},
{ "last_name": "Huskanović", "first_name": "Nijaz"},
{ "last_name": "Huskanović", "first_name": "Nurudin"},
{ "last_name": "Huskanović", "first_name": "Said"},
{ "last_name": "Huskanović", "first_name": "Saim"},
{ "last_name": "Huskanović", "first_name": "Salko"},
{ "last_name": "Huskanović", "first_name": "Samir"},
{ "last_name": "Huskanović", "first_name": "Selim"},
{ "last_name": "Huzeirović ", "first_name": "Razija"},
{ "last_name": "Ibrišagić ", "first_name": "Namka"},
{ "last_name": "Ikanović", "first_name": "Almir"},
{ "last_name": "Ikanović", "first_name": "Asmir"},
{ "last_name": "Ikanović", "first_name": "Bumedijan"},
{ "last_name": "Ikanović", "first_name": "Džemal *Devla"},
{ "last_name": "Ikanović", "first_name": "Dževad"},
{ "last_name": "Ikanović", "first_name": "Edin"},
{ "last_name": "Ikanović", "first_name": "Esad"},
{ "last_name": "Ikanović", "first_name": "Fadil"},
{ "last_name": "Ikanović", "first_name": "Fajiz"},
{ "last_name": "Ikanović", "first_name": "Halid"},
{ "last_name": "Ikanović", "first_name": "Ismet *Hasnija"},
{ "last_name": "Ikanović", "first_name": "Jusuf"},
{ "last_name": "Ikanović", "first_name": "Kemal"},
{ "last_name": "Ikanović", "first_name": "Lutvija"},
{ "last_name": "Ikanović", "first_name": "Nedžad"},
{ "last_name": "Ikanović", "first_name": "Osman"},
{ "last_name": "Ikanović", "first_name": "Said"},
{ "last_name": "Ikanović", "first_name": "Sakib"},
{ "last_name": "Ikanović", "first_name": "Semira"},
{ "last_name": "Ikanović", "first_name": "Sevla"},
{ "last_name": "Imamović", "first_name": "Fuad"},
{ "last_name": "Imamović", "first_name": "Hilmija"},
{ "last_name": "Imamović", "first_name": "Mehmed"},
{ "last_name": "Imamović", "first_name": "Nermina"},
{ "last_name": "Islamović ", "first_name": "Edin"},
{ "last_name": "Islamović ", "first_name": "Fuad"},
{ "last_name": "Islamović ", "first_name": "Hasan"},
{ "last_name": "Islamović ", "first_name": "Ismet"},
{ "last_name": "Islamović ", "first_name": "Kemal"},
{ "last_name": "Islamović ", "first_name": "Mirsad *Mehmed"},
{ "last_name": "Islamović ", "first_name": "Mirsad *Meho"},
{ "last_name": "Islamović ", "first_name": "Mirzad"},
{ "last_name": "Islamović ", "first_name": "Muharema"},
{ "last_name": "Islamović ", "first_name": "Mustafa"},
{ "last_name": "Islamović ", "first_name": "Nermin"},
{ "last_name": "Islamović ", "first_name": "Rasim"},
{ "last_name": "Islamović ", "first_name": "Raza"},
{ "last_name": "Islamović ", "first_name": "Šefik *Hanče"},
{ "last_name": "Jusić", "first_name": "Amir"},
{ "last_name": "Kadić", "first_name": "Bekir"},
{ "last_name": "Kadić", "first_name": "Fehim"},
{ "last_name": "Kadić", "first_name": "Halida"},
{ "last_name": "Kadić", "first_name": "Hatija"},
{ "last_name": "Kadrijaj", "first_name": "Fehime"},
{ "last_name": "Kahrimanović", "first_name": "Džemila"},
{ "last_name": "Kahrimanović", "first_name": "Džemka"},
{ "last_name": "Kahrimanović", "first_name": "Esad"},
{ "last_name": "Kahrimanović", "first_name": "Fikra "},
{ "last_name": "Kahrimanović", "first_name": "Hamdija"},
{ "last_name": "Kahrimanović", "first_name": "Husein"},
{ "last_name": "Kahrimanović", "first_name": "Semir"},
{ "last_name": "Kahrimanović", "first_name": "Šero *Derviš"},
{ "last_name": "Kahrimanović", "first_name": "Šero *Suljo"},
{ "last_name": "Kahrimanović", "first_name": "Zijad"},
{ "last_name": "Kerić", "first_name": "Admir"},
{ "last_name": "Kerić", "first_name": "Edin"},
{ "last_name": "Kerić", "first_name": "Irfan"},
{ "last_name": "Kerić", "first_name": "Kemal"},
{ "last_name": "Kerić", "first_name": "Mihra"},
{ "last_name": "Kerić", "first_name": "Mustafa"},
{ "last_name": "Kerić", "first_name": "Reuf"},
{ "last_name": "Kerić", "first_name": "Vasvija"},
{ "last_name": "Kerić", "first_name": "Zekerijah"},
{ "last_name": "Kočanović ", "first_name": "Džemal "},
{ "last_name": "Kočanović ", "first_name": "Nedžad"},
{ "last_name": "Kolonić", "first_name": "Advan"},
{ "last_name": "Kolonić", "first_name": "Fajko"},
{ "last_name": "Kolonić", "first_name": "Farah"},
{ "last_name": "Kolonić", "first_name": "Faruk"},
{ "last_name": "Kolonić", "first_name": "Hazim"},
{ "last_name": "Kolonić", "first_name": "Ishak"},
{ "last_name": "Kolonić", "first_name": "Ljubica"},
{ "last_name": "Kolonić", "first_name": "Nizam"},
{ "last_name": "Kolonić", "first_name": "Rajfa"},
{ "last_name": "Kolonić", "first_name": "Saud"},
{ "last_name": "Kolonić", "first_name": "Sena"},
{ "last_name": "Kolonić", "first_name": "Sulejman"},
{ "last_name": "Kolonić", "first_name": "Tenzile"},
{ "last_name": "Kolonić, Dr.", "first_name": "Sadat"},
{ "last_name": "Komarević ", "first_name": "Ajaz"},
{ "last_name": "Kumšić", "first_name": "Razija"},
{ "last_name": "Kuruzović ", "first_name": "Adevija"},
{ "last_name": "Kuruzović ", "first_name": "Dževad"},
{ "last_name": "Malić", "first_name": "Senija"},
{ "last_name": "Mašić", "first_name": "Hazim"},
{ "last_name": "Mašić", "first_name": "Kadire"},
{ "last_name": "Mašić", "first_name": "Nafa"},
{ "last_name": "Mašić", "first_name": "Sena"},
{ "last_name": "Mašić", "first_name": "Zejfa"},
{ "last_name": "Mešić", "first_name": "Asim"},
{ "last_name": "Mešić", "first_name": "Dževad"},
{ "last_name": "Mešić", "first_name": "Ermin *Velid"},
{ "last_name": "Mešić", "first_name": "Sead"},
{ "last_name": "Mešić", "first_name": "Zilha"},
{ "last_name": "Muhić", "first_name": "Damir"},
{ "last_name": "Mujkanović", "first_name": "Raza"},
{ "last_name": "Murtčehajić", "first_name": "Mevlida"},
{ "last_name": "Murtić", "first_name": "Haris"},
{ "last_name": "Murtić", "first_name": "Ismet"},
{ "last_name": "Murtić", "first_name": "Jusuf Jusa"},
{ "last_name": "Murtić", "first_name": "Mesud"},
{ "last_name": "Murtić", "first_name": "Muris"},
{ "last_name": "Mušić", "first_name": "Asmir"},
{ "last_name": "Mušić", "first_name": "Sejad"},
{ "last_name": "Nasić", "first_name": "Esma"},
{ "last_name": "Pašalić", "first_name": "Hasan"},
{ "last_name": "Pilipović", "first_name": "Sajma"},
{ "last_name": "Radić", "first_name": "Sedika"},
{ "last_name": "Ramić", "first_name": "Saida"},
{ "last_name": "Rešidović", "first_name": "Ahmet"},
{ "last_name": "Rešidović", "first_name": "Braco"},
{ "last_name": "Rešidović", "first_name": "Faruk"},
{ "last_name": "Šabanagić", "first_name": "Emsud"},
{ "last_name": "Šahurić", "first_name": "Azra *Edo"},
{ "last_name": "Šahurić", "first_name": "Dursum"},
{ "last_name": "Šahurić", "first_name": "Džanin "},
{ "last_name": "Šahurić", "first_name": "Fuad"},
{ "last_name": "Šahurić", "first_name": "Mevla"},
{ "last_name": "Šahurić", "first_name": "Midho"},
{ "last_name": "Šahurić", "first_name": "Mina "},
{ "last_name": "Šahurić", "first_name": "Namka"},
{ "last_name": "Šahurić", "first_name": "Said"},
{ "last_name": "Šahurić", "first_name": "Senija"},
{ "last_name": "Šahurić", "first_name": "Smail"},
{ "last_name": "Sarajlić", "first_name": "Fuad"},
{ "last_name": "Sarajlić", "first_name": "Iljaz"},
{ "last_name": "Sarajlić", "first_name": "Mirzet"},
{ "last_name": "Sarajlić", "first_name": "Suad Suka"},
{ "last_name": "Seferović", "first_name": "Ešef"},
{ "last_name": "Seferović", "first_name": "Fahrudin"},
{ "last_name": "Seferović", "first_name": "Hamed"},
{ "last_name": "Seferović", "first_name": "Hasan"},
{ "last_name": "Seferović", "first_name": "Ismet"},
{ "last_name": "Seferović", "first_name": "Nedžad"},
{ "last_name": "Seferović", "first_name": "Nihad"},
{ "last_name": "Seferović", "first_name": "Safet"},
{ "last_name": "Seferović", "first_name": "Suada"},
{ "last_name": "Selimović", "first_name": "Bahra"},
{ "last_name": "Selimović", "first_name": "Samir"},
{ "last_name": "Selimović", "first_name": "Zehida"},
{ "last_name": "Sinanović", "first_name": "Fatima"},
{ "last_name": "Smajlović", "first_name": "Mevlida"},
{ "last_name": "Softić ", "first_name": "Hasema"},
{ "last_name": "Softić ", "first_name": "Muhiba"},
{ "last_name": "Subašić", "first_name": "Asija"},
{ "last_name": "Suhonjić", "first_name": "Denis"},
{ "last_name": "Suhonjić", "first_name": "Jasim"},
{ "last_name": "Suhonjić", "first_name": "Šefik"},
{ "last_name": "Suhonjić", "first_name": "Velida"},
{ "last_name": "Šumić", "first_name": "Fate"},
{ "last_name": "Šumić", "first_name": "Ibrahim"},
{ "last_name": "Šumić", "first_name": "Ismet"},
{ "last_name": "Šumić", "first_name": "Mehmed"},
{ "last_name": "Šumić", "first_name": "Mesud"},
{ "last_name": "Šumić", "first_name": "Muhamed"},
{ "last_name": "Šumić", "first_name": "Muharem"},
{ "last_name": "Šumić", "first_name": "Mujo"},
{ "last_name": "Šumić", "first_name": "Razim"},
{ "last_name": "Šumić", "first_name": "Redžepa"},
{ "last_name": "Šumić", "first_name": "Redžo"},
{ "last_name": "Šumić", "first_name": "Smail *Fadila"},
{ "last_name": "Talić", "first_name": "Fehima"},
{ "last_name": "Talić", "first_name": "Mehmedalija"},
{ "last_name": "Topalović", "first_name": "Huzeir"},
{ "last_name": "Topić", "first_name": "Denis"},
{ "last_name": "Topić", "first_name": "Hajrudin"},
{ "last_name": "Topić", "first_name": "Huzeir"},
{ "last_name": "Topić", "first_name": "Ibrahim *Bajko"},
{ "last_name": "Topić", "first_name": "Mehmed"},
{ "last_name": "Topić", "first_name": "Mevlida"},
{ "last_name": "Topić", "first_name": "Osman"},
{ "last_name": "Topić", "first_name": "Safet"},
{ "last_name": "Topić", "first_name": "Sena"},
{ "last_name": "Topić", "first_name": "Sevda"},
{ "last_name": "Topić", "first_name": "Sulejman"},
{ "last_name": "Travančić", "first_name": "Ismet"},
{ "last_name": "Trepić", "first_name": "Bahra"},
{ "last_name": "Tulundžić ", "first_name": "Goran"},
{ "last_name": "Tulundžić ", "first_name": "Vasvija"},
{ "last_name": "Vejzović", "first_name": "Sadija"},
{ "last_name": "Velagić", "first_name": "Azra"},
{ "last_name": "Zahirović ", "first_name": "Bekir"},
{ "last_name": "Zahirović ", "first_name": "Derviša "},
{ "last_name": "Zahirović ", "first_name": "Emir"},
{ "last_name": "Zahirović ", "first_name": "Fehim"},
{ "last_name": "Zahirović ", "first_name": "Ferid"},
{ "last_name": "Zahirović ", "first_name": "Ibrahim"},
{ "last_name": "Zahirović ", "first_name": "Ifet"},
{ "last_name": "Zahirović ", "first_name": "Kemal"},
{ "last_name": "Zahirović ", "first_name": "Mevla"},
{ "last_name": "Zahirović ", "first_name": "Mustafa"},
{ "last_name": "Zahirović ", "first_name": "Nadžija & Šemsa"},
{ "last_name": "Zahirović ", "first_name": "Naila"},
{ "last_name": "Zahirović ", "first_name": "Nazifa"},
{ "last_name": "Zahirović ", "first_name": "Rezak"},
{ "last_name": "Zahirović ", "first_name": "Safet"},
{ "last_name": "Zahirović ", "first_name": "Šeherzada"},
{ "last_name": "Zahirović ", "first_name": "Suad"},
{ "last_name": "Zahirović ", "first_name": "Tarik"},
{ "last_name": "Zubanović ", "first_name": "Adil"},
{ "last_name": "Zubanović ", "first_name": "Hasan"},
{ "last_name": "Zubanović ", "first_name": "Izet"},
{ "last_name": "Zubanović ", "first_name": "Muharem"},
{ "last_name": "Zubanović ", "first_name": "Rifet"},
{ "last_name": "Zubanović ", "first_name": "Šefika"},
{ "last_name": "Zubanović ", "first_name": "Suljo"},
{ "last_name": "Zubanović ", "first_name": "Vahid"}
]