[
  {
    "id": 1,
    "last_name": "Alagić ",
    "first_name": "Džemal",
    "2019": 50.0,
    "2020": 120.0,
    "2021": 120.0,
    "2022": 120.0,
    "2023": null,
    "2024": null
  },
  {
    "id": 2,
    "last_name": "Alagić ",
    "first_name": "Minka *Sarajlić ",
    "2019": 50.0,
    "2020": 50.0,
    "2021": 60.0,
    "2022": 60.0,
    "2023": 60.0,
    "2024": null
  },
  {
    "id": 3,
    "last_name": "Alić",
    "first_name": "Asim",
    "2019": 50.0,
    "2020": 60.0,
    "2021": 60.0,
    "2022": 60.0,
    "2023": 60.0,
    "2024": null
  },
  {
    "id": 4,
    "last_name": "Alić",
    "first_name": "Kasim",
    "2019": 50.0,
    "2020": 60.0,
    "2021": 60.0,
    "2022": 60.0,
    "2023": 60.0,
    "2024": null
  },
  {
    "id": 5,
    "last_name": "Ališić ",
    "first_name": "Ajdin",
    "2019": 60.0,
    "2020": 120.0,
    "2021": null,
    "2022": null,
    "2023": null,
    "2024": null
  },
  {
    "id": 6,
    "last_name": "Ališić ",
    "first_name": "Mejaz",
    "2019": 50.0,
    "2020": null,
    "2021": null,
    "2022": null,
    "2023": null,
    "2024": null
  },
  {
    "id": 7,
    "last_name": "Ališić ",
    "first_name": "Mirhad",
    "2019": 50.0,
    "2020": 120.0,
    "2021": null,
    "2022": null,
    "2023": null,
    "2024": null
  },
  {
    "id": 8,
    "last_name": "Ališić ",
    "first_name": "Zijad",
    "2019": 60.0,
    "2020": null,
    "2021": null,
    "2022": null,
    "2023": null,
    "2024": null
  },
  {
    "id": 9,
    "last_name": "Avdagić ",
    "first_name": "Agan *Fate",
    "2019": 50.0,
    "2020": 60.0,
    "2021": 60.0,
    "2022": 60.0,
    "2023": 60.0,
    "2024": null
  },
  {
    "id": 10,
    "last_name": "Avdagić ",
    "first_name": "Asmir *Hare",
    "2019": 50.0,
    "2020": 120.0,
    "2021": 120.0,
    "2022": 120.0,
    "2023": 120.0,
    "2024": null
  },
  {
    "id": 11,
    "last_name": "Avdagić ",
    "first_name": "Erdina",
    "2019": 50.0,
    "2020": 60.0,
    "2021": 60.0,
    "2022": 60.0,
    "2023": 60.0,
    "2024": null
  },
  {
    "id": 12,
    "last_name": "Avdagić ",
    "first_name": "Rasima",
    "2019": 50.0,
    "2020": 60.0,
    "2021": 60.0,
    "2022": 60.0,
    "2023": 60.0,
    "2024": null
  },
  {
    "id": 13,
    "last_name": "Avdagić ",
    "first_name": "Semir",
    "2019": 50.0,
    "2020": null,
    "2021": null,
    "2022": null,
    "2023": null,
    "2024": null
  },
  {
    "id": 14,
    "last_name": "Bajrić",
    "first_name": "Bakir",
    "2019": null,
    "2020": null,
    "2021": null,
    "2022": null,
    "2023": null,
    "2024": null
  },
  {
    "id": 15,
    "last_name": "Bajrić ",
    "first_name": "Aida",
    "2019": 50.0,
    "2020": null,
    "2021": null,
    "2022": null,
    "2023": null,
    "2024": null
  },
  {
    "id": 16,
    "last_name": "Bajrić ",
    "first_name": "Nedžad",
    "2019": 70.0,
    "2020": 120.0,
    "2021": 120.0,
    "2022": 120.0,
    "2023": null,
    "2024": null
  },
  {
    "id": 17,
    "last_name": "Baltić",
    "first_name": "Emina",
    "2019": 60.0,
    "2020": 60.0,
    "2021": 60.0,
    "2022": 60.0,
    "2023": null,
    "2024": null
  },
  {
    "id": 18,
    "last_name": "Bašić ",
    "first_name": "Admir",
    "2019": 50.0,
    "2020": 60.0,
    "2021": 60.0,
    "2022": 60.0,
    "2023": 60.0,
    "2024": null
  },
  {
    "id": 19,
    "last_name": "Bašić ",
    "first_name": "Ahmet",
    "2019": 40.0,
    "2020": 60.0,
    "2021": 60.0,
    "2022": 60.0,
    "2023": null,
    "2024": null
  },
  {
    "id": 20,
    "last_name": "Bašić ",
    "first_name": "Asima",
    "2019": 60.0,
    "2020": 120.0,
    "2021": 120.0,
    "2022": null,
    "2023": null,
    "2024": null
  },
  {
    "id": 21,
    "last_name": "Bašić ",
    "first_name": "Asmir *Ako",
    "2019": 50.0,
    "2020": null,
    "2021": null,
    "2022": null,
    "2023": null,
    "2024": null
  },
  {
    "id": 22,
    "last_name": "Bašić ",
    "first_name": "Bahrija *Naila",
    "2019": null,
    "2020": null,
    "2021": 60.0,
    "2022": 60.0,
    "2023": 60.0,
    "2024": null
  },
  {
    "id": 23,
    "last_name": "Bašić ",
    "first_name": "Bahrija *Ramiz ",
    "2019": 50.0,
    "2020": 60.0,
    "2021": 60.0,
    "2022": null,
    "2023": null,
    "2024": null
  },
  {
    "id": 24,
    "last_name": "Bašić ",
    "first_name": "Emina",
    "2019": 50.0,
    "2020": null,
    "2021": null,
    "2022": null,
    "2023": null,
    "2024": null
  },
  {
    "id": 25,
    "last_name": "Bašić ",
    "first_name": "Esad",
    "2019": 50.0,
    "2020": 50.0,
    "2021": 60.0,
    "2022": 60.0,
    "2023": null,
    "2024": null
  },
  {
    "id": 26,
    "last_name": "Bašić ",
    "first_name": "Fatima",
    "2019": 40.0,
    "2020": null,
    "2021": null,
    "2022": null,
    "2023": null,
    "2024": null
  },
  {
    "id": 27,
    "last_name": "Bašić ",
    "first_name": "Fikret",
    "2019": 50.0,
    "2020": 40.0,
    "2021": 40.0,
    "2022": 40.0,
    "2023": null,
    "2024": null
  },
  {
    "id": 28,
    "last_name": "Bašić ",
    "first_name": "Hanife * Biba",
    "2019": 40.0,
    "2020": 60.0,
    "2021": 60.0,
    "2022": 60.0,
    "2023": 60.0,
    "2024": null
  },
  {
    "id": 29,
    "last_name": "Bašić ",
    "first_name": "Harka",
    "2019": 50.0,
    "2020": null,
    "2021": null,
    "2022": null,
    "2023": null,
    "2024": null
  },
  {
    "id": 30,
    "last_name": "Bašić ",
    "first_name": "Jasmin",
    "2019": 50.0,
    "2020": 120.0,
    "2021": 120.0,
    "2022": 120.0,
    "2023": null,
    "2024": null
  },
  {
    "id": 31,
    "last_name": "Bašić ",
    "first_name": "Mevla",
    "2019": 50.0,
    "2020": 120.0,
    "2021": 120.0,
    "2022": 120.0,
    "2023": 120.0,
    "2024": null
  },
  {
    "id": 32,
    "last_name": "Bašić ",
    "first_name": "Mirzet",
    "2019": 50.0,
    "2020": 60.0,
    "2021": 60.0,
    "2022": 60.0,
    "2023": null,
    "2024": null
  },
  {
    "id": 33,
    "last_name": "Bašić ",
    "first_name": "Muharem",
    "2019": null,
    "2020": null,
    "2021": null,
    "2022": null,
    "2023": null,
    "2024": null
  },
  {
    "id": 34,
    "last_name": "Bašić ",
    "first_name": "Nermin",
    "2019": 70.0,
    "2020": 70.0,
    "2021": null,
    "2022": null,
    "2023": null,
    "2024": null
  },
  {
    "id": 35,
    "last_name": "Bašić ",
    "first_name": "Smail",
    "2019": 50.0,
    "2020": 50.0,
    "2021": 60.0,
    "2022": 60.0,
    "2023": null,
    "2024": null
  },
  {
    "id": 36,
    "last_name": "Bašić ",
    "first_name": "Smail *Muharema",
    "2019": 50.0,
    "2020": 60.0,
    "2021": 60.0,
    "2022": 60.0,
    "2023": null,
    "2024": null
  },
  {
    "id": 37,
    "last_name": "Bašić ",
    "first_name": "Zemka",
    "2019": 40.0,
    "2020": 60.0,
    "2021": 60.0,
    "2022": 60.0,
    "2023": null,
    "2024": null
  },
  {
    "id": 38,
    "last_name": "Bejtović",
    "first_name": "Muharem",
    "2019": 50.0,
    "2020": 60.0,
    "2021": 60.0,
    "2022": 60.0,
    "2023": 60.0,
    "2024": null
  },
  {
    "id": 39,
    "last_name": "Bešić",
    "first_name": "Fahrudin",
    "2019": 60.0,
    "2020": 120.0,
    "2021": 120.0,
    "2022": 120.0,
    "2023": null,
    "2024": null
  },
  {
    "id": 40,
    "last_name": "Bešić ",
    "first_name": "Said",
    "2019": 60.0,
    "2020": 60.0,
    "2021": 60.0,
    "2022": null,
    "2023": null,
    "2024": null
  },
  {
    "id": 41,
    "last_name": "Bešlagić",
    "first_name": "Sefik",
    "2019": 50.0,
    "2020": 60.0,
    "2021": 60.0,
    "2022": 60.0,
    "2023": 60.0,
    "2024": null
  },
  {
    "id": 42,
    "last_name": "Biščević",
    "first_name": "Bakir",
    "2019": 50.0,
    "2020": 60.0,
    "2021": 60.0,
    "2022": 60.0,
    "2023": 60.0,
    "2024": null
  },
  {
    "id": 43,
    "last_name": "Biščević",
    "first_name": "Tidže",
    "2019": 40.0,
    "2020": 60.0,
    "2021": 60.0,
    "2022": 60.0,
    "2023": 60.0,
    "2024": null
  },
  {
    "id": 44,
    "last_name": "Brakić",
    "first_name": "Abdulah",
    "2019": 50.0,
    "2020": 50.0,
    "2021": 60.0,
    "2022": null,
    "2023": null,
    "2024": null
  },
  {
    "id": 45,
    "last_name": "Brakić",
    "first_name": "Asmir",
    "2019": null,
    "2020": null,
    "2021": null,
    "2022": null,
    "2023": null,
    "2024": null
  },
  {
    "id": 46,
    "last_name": "Brakić",
    "first_name": "Mihranka",
    "2019": 60.0,
    "2020": 60.0,
    "2021": 60.0,
    "2022": 60.0,
    "2023": null,
    "2024": null
  },
  {
    "id": 47,
    "last_name": "Brakić",
    "first_name": "Sebiha",
    "2019": 50.0,
    "2020": 60.0,
    "2021": 60.0,
    "2022": 60.0,
    "2023": null,
    "2024": null
  },
  {
    "id": 48,
    "last_name": "Brandić",
    "first_name": "Dževad",
    "2019": 60.0,
    "2020": 60.0,
    "2021": 120.0,
    "2022": 120.0,
    "2023": null,
    "2024": null
  },
  {
    "id": 49,
    "last_name": "Brandić",
    "first_name": "Hasan",
    "2019": 60.0,
    "2020": null,
    "2021": null,
    "2022": null,
    "2023": null,
    "2024": null
  },
  {
    "id": 50,
    "last_name": "Brandić",
    "first_name": "Hazim",
    "2019": 60.0,
    "2020": null,
    "2021": null,
    "2022": null,
    "2023": null,
    "2024": null
  },
  {
    "id": 51,
    "last_name": "Brandić",
    "first_name": "Selim",
    "2019": 50.0,
    "2020": 120.0,
    "2021": 60.0,
    "2022": 60.0,
    "2023": null,
    "2024": null
  },
  {
    "id": 52,
    "last_name": "Brandić",
    "first_name": "Velid",
    "2019": 50.0,
    "2020": 120.0,
    "2021": 60.0,
    "2022": 60.0,
    "2023": null,
    "2024": null
  },
  {
    "id": 53,
    "last_name": "Brandić ",
    "first_name": "Vahida",
    "2019": 50.0,
    "2020": 60.0,
    "2021": 60.0,
    "2022": 60.0,
    "2023": 60.0,
    "2024": null
  },
  {
    "id": 54,
    "last_name": "Brdar",
    "first_name": "Ahmet",
    "2019": 50.0,
    "2020": 60.0,
    "2021": 60.0,
    "2022": 60.0,
    "2023": null,
    "2024": null
  },
  {
    "id": 55,
    "last_name": "Brdar",
    "first_name": "Edin",
    "2019": 50.0,
    "2020": 60.0,
    "2021": 60.0,
    "2022": 60.0,
    "2023": 60.0,
    "2024": null
  },
  {
    "id": 56,
    "last_name": "Brdar",
    "first_name": "Fikra *Fate",
    "2019": 50.0,
    "2020": 60.0,
    "2021": 60.0,
    "2022": 60.0,
    "2023": null,
    "2024": null
  },
  {
    "id": 57,
    "last_name": "Brdar",
    "first_name": "Mirveta",
    "2019": 50.0,
    "2020": 60.0,
    "2021": 60.0,
    "2022": 60.0,
    "2023": null,
    "2024": null
  },
  {
    "id": 58,
    "last_name": "Brdar",
    "first_name": "Rasema *M",
    "2019": 50.0,
    "2020": 50.0,
    "2021": 60.0,
    "2022": 60.0,
    "2023": null,
    "2024": null
  },
  {
    "id": 59,
    "last_name": "Brdar",
    "first_name": "Rifet",
    "2019": 50.0,
    "2020": 60.0,
    "2021": 60.0,
    "2022": 60.0,
    "2023": 60.0,
    "2024": null
  },
  {
    "id": 60,
    "last_name": "Brdar",
    "first_name": "Sabahudin",
    "2019": 50.0,
    "2020": 60.0,
    "2021": 60.0,
    "2022": 60.0,
    "2023": 60.0,
    "2024": null
  },
  {
    "id": 61,
    "last_name": "Brdar ",
    "first_name": "Mehmed *Mehe",
    "2019": null,
    "2020": null,
    "2021": null,
    "2022": 120.0,
    "2023": null,
    "2024": null
  },
  {
    "id": 62,
    "last_name": "Brkić",
    "first_name": "Adil",
    "2019": 50.0,
    "2020": 60.0,
    "2021": 60.0,
    "2022": 60.0,
    "2023": 60.0,
    "2024": null
  },
  {
    "id": 63,
    "last_name": "Brkić ",
    "first_name": "Jasna",
    "2019": null,
    "2020": 60.0,
    "2021": 60.0,
    "2022": 60.0,
    "2023": 60.0,
    "2024": null
  },
  {
    "id": 64,
    "last_name": "Buljubašić  ",
    "first_name": "Selima",
    "2019": null,
    "2020": 120.0,
    "2021": 120.0,
    "2022": 120.0,
    "2023": 120.0,
    "2024": 120.0
  },
  {
    "id": 65,
    "last_name": "Čaušević",
    "first_name": "Ajdin",
    "2019": 100.0,
    "2020": 120.0,
    "2021": 120.0,
    "2022": null,
    "2023": null,
    "2024": null
  },
  {
    "id": 66,
    "last_name": "Čaušević",
    "first_name": "Azmir",
    "2019": 60.0,
    "2020": 120.0,
    "2021": 120.0,
    "2022": null,
    "2023": null,
    "2024": null
  },
  {
    "id": 67,
    "last_name": "Čaušević",
    "first_name": "Dževad",
    "2019": 50.0,
    "2020": 120.0,
    "2021": 120.0,
    "2022": 120.0,
    "2023": null,
    "2024": null
  },
  {
    "id": 68,
    "last_name": "Čaušević",
    "first_name": "Edin *Devla",
    "2019": 60.0,
    "2020": 120.0,
    "2021": 120.0,
    "2022": 120.0,
    "2023": 120.0,
    "2024": null
  },
  {
    "id": 69,
    "last_name": "Čaušević",
    "first_name": "Edina",
    "2019": null,
    "2020": null,
    "2021": 60.0,
    "2022": 60.0,
    "2023": null,
    "2024": null
  },
  {
    "id": 70,
    "last_name": "Čaušević",
    "first_name": "Elvir",
    "2019": 50.0,
    "2020": 120.0,
    "2021": 120.0,
    "2022": 120.0,
    "2023": 120.0,
    "2024": null
  },
  {
    "id": 71,
    "last_name": "Čaušević",
    "first_name": "Elvis",
    "2019": 60.0,
    "2020": 60.0,
    "2021": 60.0,
    "2022": 60.0,
    "2023": null,
    "2024": null
  },
  {
    "id": 72,
    "last_name": "Čaušević",
    "first_name": "Hasan",
    "2019": 50.0,
    "2020": 60.0,
    "2021": 60.0,
    "2022": null,
    "2023": null,
    "2024": null
  },
  {
    "id": 73,
    "last_name": "Čaušević",
    "first_name": "Jusuf",
    "2019": 95.0,
    "2020": 120.0,
    "2021": 120.0,
    "2022": 120.0,
    "2023": 120.0,
    "2024": null
  },
  {
    "id": 74,
    "last_name": "Čaušević",
    "first_name": "Nedžad",
    "2019": 95.0,
    "2020": 120.0,
    "2021": 120.0,
    "2022": null,
    "2023": null,
    "2024": null
  },
  {
    "id": 75,
    "last_name": "Čaušević",
    "first_name": "Razija",
    "2019": 60.0,
    "2020": 60.0,
    "2021": 60.0,
    "2022": 120.0,
    "2023": null,
    "2024": null
  },
  {
    "id": 76,
    "last_name": "Čaušević",
    "first_name": "Sejida",
    "2019": 50.0,
    "2020": 60.0,
    "2021": 60.0,
    "2022": null,
    "2023": null,
    "2024": null
  },
  {
    "id": 77,
    "last_name": "Čaušević",
    "first_name": "Smail",
    "2019": 50.0,
    "2020": 120.0,
    "2021": 120.0,
    "2022": null,
    "2023": null,
    "2024": null
  },
  {
    "id": 78,
    "last_name": "Čaušević ",
    "first_name": "Džemal Sr.",
    "2019": 50.0,
    "2020": 120.0,
    "2021": 120.0,
    "2022": 120.0,
    "2023": 120.0,
    "2024": null
  },
  {
    "id": 79,
    "last_name": "Čaušević Jn.",
    "first_name": "Džemal Jn.",
    "2019": 50.0,
    "2020": 120.0,
    "2021": 120.0,
    "2022": 120.0,
    "2023": 120.0,
    "2024": null
  },
  {
    "id": 80,
    "last_name": "Ćehić",
    "first_name": "Ćazim",
    "2019": 50.0,
    "2020": 60.0,
    "2021": 60.0,
    "2022": 60.0,
    "2023": null,
    "2024": null
  },
  {
    "id": 81,
    "last_name": "Ćehić",
    "first_name": "Indir",
    "2019": 50.0,
    "2020": 60.0,
    "2021": 60.0,
    "2022": null,
    "2023": null,
    "2024": null
  },
  {
    "id": 82,
    "last_name": "Ćehić",
    "first_name": "Jasim",
    "2019": 40.0,
    "2020": 60.0,
    "2021": 60.0,
    "2022": 60.0,
    "2023": null,
    "2024": null
  },
  {
    "id": 83,
    "last_name": "Ćehić",
    "first_name": "Muharem",
    "2019": 60.0,
    "2020": null,
    "2021": null,
    "2022": null,
    "2023": null,
    "2024": null
  },
  {
    "id": 84,
    "last_name": "Ćehić",
    "first_name": "Muharema",
    "2019": 50.0,
    "2020": 50.0,
    "2021": 60.0,
    "2022": 60.0,
    "2023": null,
    "2024": null
  },
  {
    "id": 85,
    "last_name": "Ćehić",
    "first_name": "Muhiba",
    "2019": 50.0,
    "2020": 60.0,
    "2021": 60.0,
    "2022": 60.0,
    "2023": null,
    "2024": null
  },
  {
    "id": 86,
    "last_name": "Ćehić",
    "first_name": "Rasma",
    "2019": 50.0,
    "2020": 60.0,
    "2021": 60.0,
    "2022": null,
    "2023": null,
    "2024": null
  },
  {
    "id": 87,
    "last_name": "Ćehić",
    "first_name": "Semir",
    "2019": 60.0,
    "2020": null,
    "2021": null,
    "2022": null,
    "2023": null,
    "2024": null
  },
  {
    "id": 88,
    "last_name": "Ćehić",
    "first_name": "Senita",
    "2019": 50.0,
    "2020": 120.0,
    "2021": 120.0,
    "2022": 120.0,
    "2023": null,
    "2024": null
  },
  {
    "id": 89,
    "last_name": "Ćehić",
    "first_name": "Šuhra",
    "2019": 40.0,
    "2020": 60.0,
    "2021": 60.0,
    "2022": 60.0,
    "2023": 60.0,
    "2024": null
  },
  {
    "id": 90,
    "last_name": "Ćehić",
    "first_name": "Zikrija",
    "2019": 40.0,
    "2020": 60.0,
    "2021": 60.0,
    "2022": 60.0,
    "2023": 60.0,
    "2024": null
  },
  {
    "id": 91,
    "last_name": "Cerić",
    "first_name": "Rasima",
    "2019": null,
    "2020": 60.0,
    "2021": 60.0,
    "2022": 60.0,
    "2023": 60.0,
    "2024": null
  },
  {
    "id": 92,
    "last_name": "Cerić ",
    "first_name": "Hazim",
    "2019": 60.0,
    "2020": 60.0,
    "2021": 60.0,
    "2022": 60.0,
    "2023": 60.0,
    "2024": null
  },
  {
    "id": 93,
    "last_name": "Cerić ",
    "first_name": "Smail",
    "2019": 70.0,
    "2020": 120.0,
    "2021": 120.0,
    "2022": 120.0,
    "2023": 120.0,
    "2024": null
  },
  {
    "id": 94,
    "last_name": "Crnčević",
    "first_name": "Esad",
    "2019": 50.0,
    "2020": 60.0,
    "2021": 60.0,
    "2022": 60.0,
    "2023": 60.0,
    "2024": null
  },
  {
    "id": 95,
    "last_name": "Crnčević",
    "first_name": "Zihad * Kemo",
    "2019": 50.0,
    "2020": 60.0,
    "2021": 60.0,
    "2022": 60.0,
    "2023": null,
    "2024": null
  },
  {
    "id": 96,
    "last_name": "Ćurak",
    "first_name": "Sead",
    "2019": 100.0,
    "2020": 120.0,
    "2021": 120.0,
    "2022": 120.0,
    "2023": 120.0,
    "2024": null
  },
  {
    "id": 97,
    "last_name": "Ćurt",
    "first_name": "Huse",
    "2019": 50.0,
    "2020": 60.0,
    "2021": 60.0,
    "2022": 60.0,
    "2023": 60.0,
    "2024": null
  },
  {
    "id": 98,
    "last_name": "Ćurt",
    "first_name": "Sulejman",
    "2019": 50.0,
    "2020": 60.0,
    "2021": null,
    "2022": null,
    "2023": null,
    "2024": null
  },
  {
    "id": 99,
    "last_name": "Delić ",
    "first_name": "Rafija *Kerić",
    "2019": null,
    "2020": null,
    "2021": 120.0,
    "2022": 120.0,
    "2023": 120.0,
    "2024": null
  },
  {
    "id": 100,
    "last_name": "Demirović",
    "first_name": "Mustafa",
    "2019": 60.0,
    "2020": 60.0,
    "2021": 120.0,
    "2022": null,
    "2023": null,
    "2024": null
  },
  {
    "id": 101,
    "last_name": "Demirović",
    "first_name": "Razim",
    "2019": 60.0,
    "2020": 70.0,
    "2021": 60.0,
    "2022": 60.0,
    "2023": 60.0,
    "2024": null
  },
  {
    "id": 102,
    "last_name": "Demirović",
    "first_name": "Safet",
    "2019": 50.0,
    "2020": 60.0,
    "2021": null,
    "2022": null,
    "2023": null,
    "2024": null
  },
  {
    "id": 103,
    "last_name": "Demirović",
    "first_name": "Sajda",
    "2019": 60.0,
    "2020": null,
    "2021": null,
    "2022": null,
    "2023": null,
    "2024": null
  },
  {
    "id": 104,
    "last_name": "Demirović",
    "first_name": "Sevdah",
    "2019": null,
    "2020": null,
    "2021": 60.0,
    "2022": null,
    "2023": null,
    "2024": null
  },
  {
    "id": 105,
    "last_name": "Demirović",
    "first_name": "Ziza",
    "2019": 60.0,
    "2020": null,
    "2021": null,
    "2022": null,
    "2023": null,
    "2024": null
  },
  {
    "id": 106,
    "last_name": "Dindić",
    "first_name": "Sead",
    "2019": 50.0,
    "2020": 120.0,
    "2021": 120.0,
    "2022": 120.0,
    "2023": null,
    "2024": null
  },
  {
    "id": 107,
    "last_name": "Dizdarević",
    "first_name": "Sevad",
    "2019": 50.0,
    "2020": 60.0,
    "2021": 60.0,
    "2022": 60.0,
    "2023": null,
    "2024": null
  },
  {
    "id": 108,
    "last_name": "Draganović",
    "first_name": "Alija",
    "2019": null,
    "2020": null,
    "2021": 120.0,
    "2022": 120.0,
    "2023": null,
    "2024": null
  },
  {
    "id": 109,
    "last_name": "Draganović",
    "first_name": "Almir",
    "2019": 50.0,
    "2020": 120.0,
    "2021": 120.0,
    "2022": 120.0,
    "2023": null,
    "2024": null
  },
  {
    "id": 110,
    "last_name": "Draganović",
    "first_name": "Emir",
    "2019": 70.0,
    "2020": 120.0,
    "2021": 120.0,
    "2022": 60.0,
    "2023": null,
    "2024": null
  },
  {
    "id": 111,
    "last_name": "Draganović",
    "first_name": "Hamdija",
    "2019": 50.0,
    "2020": 120.0,
    "2021": 120.0,
    "2022": 120.0,
    "2023": null,
    "2024": null
  },
  {
    "id": 112,
    "last_name": "Draganović",
    "first_name": "Jasminka",
    "2019": 70.0,
    "2020": null,
    "2021": null,
    "2022": null,
    "2023": null,
    "2024": null
  },
  {
    "id": 113,
    "last_name": "Draganović",
    "first_name": "Mehmed",
    "2019": 40.0,
    "2020": 120.0,
    "2021": 120.0,
    "2022": 120.0,
    "2023": 120.0,
    "2024": null
  },
  {
    "id": 114,
    "last_name": "Draganović",
    "first_name": "Muharem",
    "2019": 50.0,
    "2020": 60.0,
    "2021": 60.0,
    "2022": null,
    "2023": null,
    "2024": null
  },
  {
    "id": 115,
    "last_name": "Draganović",
    "first_name": "Senad",
    "2019": 50.0,
    "2020": 60.0,
    "2021": 60.0,
    "2022": 60.0,
    "2023": 60.0,
    "2024": null
  },
  {
    "id": 116,
    "last_name": "Draganović",
    "first_name": "Smail",
    "2019": 40.0,
    "2020": 120.0,
    "2021": 120.0,
    "2022": 120.0,
    "2023": 120.0,
    "2024": null
  },
  {
    "id": 117,
    "last_name": "Draganović",
    "first_name": "Sulejman",
    "2019": 40.0,
    "2020": 60.0,
    "2021": 60.0,
    "2022": 60.0,
    "2023": 60.0,
    "2024": null
  },
  {
    "id": 118,
    "last_name": "Duratović",
    "first_name": "Sebiha",
    "2019": 50.0,
    "2020": 60.0,
    "2021": 60.0,
    "2022": null,
    "2023": null,
    "2024": null
  },
  {
    "id": 119,
    "last_name": "Džaferović",
    "first_name": "Murisa",
    "2019": 60.0,
    "2020": null,
    "2021": null,
    "2022": null,
    "2023": null,
    "2024": null
  },
  {
    "id": 120,
    "last_name": "Džafić",
    "first_name": "Adila",
    "2019": 60.0,
    "2020": 60.0,
    "2021": 60.0,
    "2022": 60.0,
    "2023": 60.0,
    "2024": null
  },
  {
    "id": 121,
    "last_name": "Džafić",
    "first_name": "Amir",
    "2019": 50.0,
    "2020": 120.0,
    "2021": 120.0,
    "2022": 120.0,
    "2023": null,
    "2024": null
  },
  {
    "id": 122,
    "last_name": "Džafić",
    "first_name": "Asema",
    "2019": 50.0,
    "2020": 60.0,
    "2021": 60.0,
    "2022": 60.0,
    "2023": 60.0,
    "2024": null
  },
  {
    "id": 123,
    "last_name": "Džafić",
    "first_name": "Edin",
    "2019": null,
    "2020": null,
    "2021": 120.0,
    "2022": 120.0,
    "2023": null,
    "2024": null
  },
  {
    "id": 124,
    "last_name": "Džafić",
    "first_name": "Hamdija  *Šere",
    "2019": 50.0,
    "2020": 120.0,
    "2021": 120.0,
    "2022": 120.0,
    "2023": null,
    "2024": null
  },
  {
    "id": 125,
    "last_name": "Džafić",
    "first_name": "Hamdija *Sulje",
    "2019": null,
    "2020": null,
    "2021": null,
    "2022": null,
    "2023": null,
    "2024": null
  },
  {
    "id": 126,
    "last_name": "Džafić",
    "first_name": "Ibrahim",
    "2019": 50.0,
    "2020": 60.0,
    "2021": 60.0,
    "2022": 60.0,
    "2023": 60.0,
    "2024": null
  },
  {
    "id": 127,
    "last_name": "Džafić",
    "first_name": "Mustafa",
    "2019": 40.0,
    "2020": 60.0,
    "2021": 60.0,
    "2022": 60.0,
    "2023": null,
    "2024": null
  },
  {
    "id": 128,
    "last_name": "Džafić",
    "first_name": "Osman",
    "2019": 60.0,
    "2020": 60.0,
    "2021": 60.0,
    "2022": 60.0,
    "2023": null,
    "2024": null
  },
  {
    "id": 129,
    "last_name": "Džafić",
    "first_name": "Šefkija",
    "2019": 50.0,
    "2020": 60.0,
    "2021": 60.0,
    "2022": 60.0,
    "2023": null,
    "2024": null
  },
  {
    "id": 130,
    "last_name": "Džafić",
    "first_name": "Vasva",
    "2019": 60.0,
    "2020": 60.0,
    "2021": 60.0,
    "2022": 60.0,
    "2023": 60.0,
    "2024": null
  },
  {
    "id": 131,
    "last_name": "Džešević",
    "first_name": "Izet",
    "2019": 60.0,
    "2020": 120.0,
    "2021": 120.0,
    "2022": 120.0,
    "2023": null,
    "2024": null
  },
  {
    "id": 132,
    "last_name": "Elkaz",
    "first_name": "Muharema",
    "2019": 50.0,
    "2020": 60.0,
    "2021": 60.0,
    "2022": 60.0,
    "2023": 60.0,
    "2024": null
  },
  {
    "id": 133,
    "last_name": "Fasel",
    "first_name": "Jerban",
    "2019": 50.0,
    "2020": 70.0,
    "2021": 70.0,
    "2022": 70.0,
    "2023": 70.0,
    "2024": null
  },
  {
    "id": 134,
    "last_name": "Fazlić",
    "first_name": "Kemal",
    "2019": 50.0,
    "2020": 60.0,
    "2021": 60.0,
    "2022": null,
    "2023": null,
    "2024": null
  },
  {
    "id": 135,
    "last_name": "Forić",
    "first_name": "Emira",
    "2019": 60.0,
    "2020": 120.0,
    "2021": 120.0,
    "2022": 120.0,
    "2023": null,
    "2024": null
  },
  {
    "id": 136,
    "last_name": "Gakenxi",
    "first_name": "Murhaf",
    "2019": 50.0,
    "2020": null,
    "2021": null,
    "2022": null,
    "2023": null,
    "2024": null
  },
  {
    "id": 137,
    "last_name": "Garibović",
    "first_name": "Mirsad *Maisad",
    "2019": 60.0,
    "2020": 120.0,
    "2021": 120.0,
    "2022": null,
    "2023": null,
    "2024": null
  },
  {
    "id": 138,
    "last_name": "Hadžipašić ",
    "first_name": "Adnan",
    "2019": 50.0,
    "2020": 120.0,
    "2021": 120.0,
    "2022": 120.0,
    "2023": null,
    "2024": null
  },
  {
    "id": 139,
    "last_name": "Hadžipašić ",
    "first_name": "Emir",
    "2019": 50.0,
    "2020": 60.0,
    "2021": 60.0,
    "2022": 60.0,
    "2023": 60.0,
    "2024": null
  },
  {
    "id": 140,
    "last_name": "Hadžisulejmanović",
    "first_name": "Mirzan",
    "2019": 50.0,
    "2020": 120.0,
    "2021": null,
    "2022": null,
    "2023": null,
    "2024": null
  },
  {
    "id": 141,
    "last_name": "Halilović",
    "first_name": "Ahmet",
    "2019": 40.0,
    "2020": 60.0,
    "2021": 60.0,
    "2022": 60.0,
    "2023": 60.0,
    "2024": null
  },
  {
    "id": 142,
    "last_name": "Halilović",
    "first_name": "Asima",
    "2019": 50.0,
    "2020": 120.0,
    "2021": 120.0,
    "2022": null,
    "2023": null,
    "2024": null
  },
  {
    "id": 143,
    "last_name": "Halilović",
    "first_name": "Faik",
    "2019": 40.0,
    "2020": null,
    "2021": null,
    "2022": null,
    "2023": null,
    "2024": null
  },
  {
    "id": 144,
    "last_name": "Halilović",
    "first_name": "Šefka",
    "2019": 50.0,
    "2020": null,
    "2021": null,
    "2022": null,
    "2023": null,
    "2024": null
  },
  {
    "id": 145,
    "last_name": "Halilović",
    "first_name": "Šerif",
    "2019": 50.0,
    "2020": null,
    "2021": null,
    "2022": null,
    "2023": null,
    "2024": null
  },
  {
    "id": 146,
    "last_name": "Hasanagić",
    "first_name": "Almin",
    "2019": 50.0,
    "2020": 60.0,
    "2021": 60.0,
    "2022": 60.0,
    "2023": 60.0,
    "2024": null
  },
  {
    "id": 147,
    "last_name": "Hasanagić",
    "first_name": "Amir",
    "2019": null,
    "2020": 60.0,
    "2021": 60.0,
    "2022": 60.0,
    "2023": 60.0,
    "2024": null
  },
  {
    "id": 148,
    "last_name": "Hasanagić",
    "first_name": "Asim",
    "2019": 50.0,
    "2020": 60.0,
    "2021": 60.0,
    "2022": 60.0,
    "2023": 60.0,
    "2024": null
  },
  {
    "id": 149,
    "last_name": "Hasanagić",
    "first_name": "Emir",
    "2019": 50.0,
    "2020": 60.0,
    "2021": 120.0,
    "2022": 120.0,
    "2023": null,
    "2024": null
  },
  {
    "id": 150,
    "last_name": "Hasanagić",
    "first_name": "Ibrahim",
    "2019": null,
    "2020": 120.0,
    "2021": null,
    "2022": null,
    "2023": null,
    "2024": null
  },
  {
    "id": 151,
    "last_name": "Hasanagić",
    "first_name": "Mehmed *Bahira",
    "2019": 50.0,
    "2020": 60.0,
    "2021": 60.0,
    "2022": 60.0,
    "2023": null,
    "2024": null
  },
  {
    "id": 152,
    "last_name": "Hasanagić",
    "first_name": "Mehmed *Suljo",
    "2019": 70.0,
    "2020": 120.0,
    "2021": 120.0,
    "2022": 120.0,
    "2023": 120.0,
    "2024": null
  },
  {
    "id": 153,
    "last_name": "Hasanagić",
    "first_name": "Melika",
    "2019": 50.0,
    "2020": null,
    "2021": null,
    "2022": null,
    "2023": null,
    "2024": null
  },
  {
    "id": 154,
    "last_name": "Hasanagić",
    "first_name": "Mevla *Ahmet",
    "2019": 50.0,
    "2020": 60.0,
    "2021": 60.0,
    "2022": 60.0,
    "2023": null,
    "2024": null
  },
  {
    "id": 155,
    "last_name": "Hasanagić",
    "first_name": "Mevla *Mustafa",
    "2019": 50.0,
    "2020": 60.0,
    "2021": 60.0,
    "2022": 60.0,
    "2023": null,
    "2024": null
  },
  {
    "id": 156,
    "last_name": "Hasanagić",
    "first_name": "Muharem",
    "2019": 50.0,
    "2020": 60.0,
    "2021": 60.0,
    "2022": null,
    "2023": 60.0,
    "2024": null
  },
  {
    "id": 157,
    "last_name": "Hasanagić",
    "first_name": "Mustafa *Zijad",
    "2019": 50.0,
    "2020": 60.0,
    "2021": 60.0,
    "2022": 60.0,
    "2023": 60.0,
    "2024": null
  },
  {
    "id": 158,
    "last_name": "Hasanagić",
    "first_name": "Omer",
    "2019": 50.0,
    "2020": 250.0,
    "2021": 120.0,
    "2022": 120.0,
    "2023": null,
    "2024": null
  },
  {
    "id": 159,
    "last_name": "Hasanagić",
    "first_name": "Orhan",
    "2019": 50.0,
    "2020": 60.0,
    "2021": 60.0,
    "2022": 60.0,
    "2023": null,
    "2024": null
  },
  {
    "id": 160,
    "last_name": "Hasanagić",
    "first_name": "Rafet",
    "2019": 50.0,
    "2020": 60.0,
    "2021": 60.0,
    "2022": null,
    "2023": null,
    "2024": null
  },
  {
    "id": 161,
    "last_name": "Hasanagić",
    "first_name": "Uzeir",
    "2019": 50.0,
    "2020": 60.0,
    "2021": 70.0,
    "2022": 60.0,
    "2023": 60.0,
    "2024": null
  },
  {
    "id": 162,
    "last_name": "Hasanagić",
    "first_name": "Zehra",
    "2019": 50.0,
    "2020": 60.0,
    "2021": 60.0,
    "2022": 60.0,
    "2023": 60.0,
    "2024": null
  },
  {
    "id": 163,
    "last_name": "Hasanagić",
    "first_name": "Zlatija",
    "2019": 40.0,
    "2020": 60.0,
    "2021": 60.0,
    "2022": 60.0,
    "2023": 60.0,
    "2024": null
  },
  {
    "id": 164,
    "last_name": "Hasanbašić ",
    "first_name": "Enisa",
    "2019": 40.0,
    "2020": 60.0,
    "2021": 60.0,
    "2022": 60.0,
    "2023": null,
    "2024": null
  },
  {
    "id": 165,
    "last_name": "Hasanbašić ",
    "first_name": "Zijad",
    "2019": 50.0,
    "2020": 60.0,
    "2021": 60.0,
    "2022": 60.0,
    "2023": null,
    "2024": null
  },
  {
    "id": 166,
    "last_name": "Henić",
    "first_name": "Asmir",
    "2019": 50.0,
    "2020": 120.0,
    "2021": 120.0,
    "2022": 120.0,
    "2023": 120.0,
    "2024": null
  },
  {
    "id": 167,
    "last_name": "Henić",
    "first_name": "Damir",
    "2019": 40.0,
    "2020": 60.0,
    "2021": 120.0,
    "2022": 120.0,
    "2023": 120.0,
    "2024": null
  },
  {
    "id": 168,
    "last_name": "Henić",
    "first_name": "Emina",
    "2019": 50.0,
    "2020": 60.0,
    "2021": 60.0,
    "2022": 60.0,
    "2023": 60.0,
    "2024": null
  },
  {
    "id": 169,
    "last_name": "Henić",
    "first_name": "Mehmed",
    "2019": 60.0,
    "2020": 60.0,
    "2021": 60.0,
    "2022": 60.0,
    "2023": 60.0,
    "2024": null
  },
  {
    "id": 170,
    "last_name": "Henić",
    "first_name": "Munib",
    "2019": 60.0,
    "2020": 120.0,
    "2021": 120.0,
    "2022": 120.0,
    "2023": null,
    "2024": null
  },
  {
    "id": 171,
    "last_name": "Hodžić",
    "first_name": "Alija",
    "2019": 50.0,
    "2020": 60.0,
    "2021": null,
    "2022": null,
    "2023": null,
    "2024": null
  },
  {
    "id": 172,
    "last_name": "Hodžić",
    "first_name": "Ana",
    "2019": 50.0,
    "2020": 120.0,
    "2021": 120.0,
    "2022": null,
    "2023": null,
    "2024": null
  },
  {
    "id": 173,
    "last_name": "Hodžić",
    "first_name": "Asim",
    "2019": 50.0,
    "2020": 60.0,
    "2021": 60.0,
    "2022": 60.0,
    "2023": 60.0,
    "2024": null
  },
  {
    "id": 174,
    "last_name": "Hodžić",
    "first_name": "Damir *Hase",
    "2019": 50.0,
    "2020": 120.0,
    "2021": 120.0,
    "2022": 120.0,
    "2023": null,
    "2024": null
  },
  {
    "id": 175,
    "last_name": "Hodžić",
    "first_name": "Dursum",
    "2019": 60.0,
    "2020": 120.0,
    "2021": 120.0,
    "2022": 120.0,
    "2023": null,
    "2024": null
  },
  {
    "id": 176,
    "last_name": "Hodžić",
    "first_name": "Emina *Omera",
    "2019": 50.0,
    "2020": 60.0,
    "2021": 60.0,
    "2022": 60.0,
    "2023": null,
    "2024": null
  },
  {
    "id": 177,
    "last_name": "Hodžić",
    "first_name": "Enes",
    "2019": 50.0,
    "2020": 60.0,
    "2021": 60.0,
    "2022": 60.0,
    "2023": 60.0,
    "2024": null
  },
  {
    "id": 178,
    "last_name": "Hodžić",
    "first_name": "Ermin",
    "2019": 60.0,
    "2020": null,
    "2021": null,
    "2022": null,
    "2023": null,
    "2024": null
  },
  {
    "id": 179,
    "last_name": "Hodžić",
    "first_name": "Faik",
    "2019": 50.0,
    "2020": 60.0,
    "2021": 60.0,
    "2022": null,
    "2023": null,
    "2024": null
  },
  {
    "id": 180,
    "last_name": "Hodžić",
    "first_name": "Fuad",
    "2019": 50.0,
    "2020": 120.0,
    "2021": null,
    "2022": null,
    "2023": null,
    "2024": null
  },
  {
    "id": 181,
    "last_name": "Hodžić",
    "first_name": "Ibrahim",
    "2019": 50.0,
    "2020": 120.0,
    "2021": 120.0,
    "2022": 120.0,
    "2023": null,
    "2024": null
  },
  {
    "id": 182,
    "last_name": "Hodžić",
    "first_name": "Ismet",
    "2019": 50.0,
    "2020": 60.0,
    "2021": 60.0,
    "2022": null,
    "2023": null,
    "2024": null
  },
  {
    "id": 183,
    "last_name": "Hodžić",
    "first_name": "Mejra *Omera",
    "2019": 50.0,
    "2020": 60.0,
    "2021": 60.0,
    "2022": 60.0,
    "2023": null,
    "2024": null
  },
  {
    "id": 184,
    "last_name": "Hodžić",
    "first_name": "Mina *Mustafa",
    "2019": 50.0,
    "2020": 60.0,
    "2021": 60.0,
    "2022": 60.0,
    "2023": 60.0,
    "2024": 60.0
  },
  {
    "id": 185,
    "last_name": "Hodžić",
    "first_name": "Mirsadeta",
    "2019": 50.0,
    "2020": 60.0,
    "2021": 60.0,
    "2022": null,
    "2023": null,
    "2024": null
  },
  {
    "id": 186,
    "last_name": "Hodžić",
    "first_name": "Muhamed",
    "2019": 50.0,
    "2020": 60.0,
    "2021": 60.0,
    "2022": 60.0,
    "2023": 60.0,
    "2024": null
  },
  {
    "id": 187,
    "last_name": "Hodžić",
    "first_name": "Radija",
    "2019": 50.0,
    "2020": 60.0,
    "2021": 60.0,
    "2022": 60.0,
    "2023": null,
    "2024": null
  },
  {
    "id": 188,
    "last_name": "Hodžić",
    "first_name": "Sulejman",
    "2019": 60.0,
    "2020": 120.0,
    "2021": 120.0,
    "2022": 120.0,
    "2023": null,
    "2024": null
  },
  {
    "id": 189,
    "last_name": "Hozić",
    "first_name": "Sadika",
    "2019": 50.0,
    "2020": 60.0,
    "2021": 60.0,
    "2022": null,
    "2023": null,
    "2024": null
  },
  {
    "id": 190,
    "last_name": "Hrstić",
    "first_name": "Sabahudin",
    "2019": 50.0,
    "2020": 60.0,
    "2021": 60.0,
    "2022": null,
    "2023": null,
    "2024": null
  },
  {
    "id": 191,
    "last_name": "Huskanović",
    "first_name": "Dervis *Dedo",
    "2019": 50.0,
    "2020": 120.0,
    "2021": 120.0,
    "2022": 120.0,
    "2023": null,
    "2024": null
  },
  {
    "id": 192,
    "last_name": "Huskanović",
    "first_name": "Eniz",
    "2019": 50.0,
    "2020": 60.0,
    "2021": 60.0,
    "2022": 60.0,
    "2023": null,
    "2024": null
  },
  {
    "id": 193,
    "last_name": "Huskanović",
    "first_name": "Ernad",
    "2019": 50.0,
    "2020": 120.0,
    "2021": 120.0,
    "2022": 120.0,
    "2023": 120.0,
    "2024": null
  },
  {
    "id": 194,
    "last_name": "Huskanović",
    "first_name": "Fahro",
    "2019": 50.0,
    "2020": null,
    "2021": null,
    "2022": null,
    "2023": null,
    "2024": null
  },
  {
    "id": 195,
    "last_name": "Huskanović",
    "first_name": "Halim",
    "2019": 60.0,
    "2020": 60.0,
    "2021": null,
    "2022": null,
    "2023": null,
    "2024": null
  },
  {
    "id": 196,
    "last_name": "Huskanović",
    "first_name": "Husein",
    "2019": 60.0,
    "2020": 120.0,
    "2021": 120.0,
    "2022": 120.0,
    "2023": null,
    "2024": null
  },
  {
    "id": 197,
    "last_name": "Huskanović",
    "first_name": "Ishak",
    "2019": 60.0,
    "2020": 120.0,
    "2021": 120.0,
    "2022": 120.0,
    "2023": null,
    "2024": null
  },
  {
    "id": 198,
    "last_name": "Huskanović",
    "first_name": "Ismet",
    "2019": 50.0,
    "2020": 60.0,
    "2021": 60.0,
    "2022": 60.0,
    "2023": 60.0,
    "2024": null
  },
  {
    "id": 199,
    "last_name": "Huskanović",
    "first_name": "Nijaz",
    "2019": 60.0,
    "2020": 60.0,
    "2021": 60.0,
    "2022": 60.0,
    "2023": null,
    "2024": null
  },
  {
    "id": 200,
    "last_name": "Huskanović",
    "first_name": "Nurudin",
    "2019": 50.0,
    "2020": 120.0,
    "2021": 120.0,
    "2022": 120.0,
    "2023": null,
    "2024": null
  },
  {
    "id": 201,
    "last_name": "Huskanović",
    "first_name": "Said",
    "2019": 60.0,
    "2020": 120.0,
    "2021": 120.0,
    "2022": 120.0,
    "2023": null,
    "2024": null
  },
  {
    "id": 202,
    "last_name": "Huskanović",
    "first_name": "Saim",
    "2019": 50.0,
    "2020": 60.0,
    "2021": 60.0,
    "2022": 60.0,
    "2023": null,
    "2024": null
  },
  {
    "id": 203,
    "last_name": "Huskanović",
    "first_name": "Salko",
    "2019": 30.0,
    "2020": 60.0,
    "2021": 60.0,
    "2022": null,
    "2023": null,
    "2024": null
  },
  {
    "id": 204,
    "last_name": "Huskanović",
    "first_name": "Samir",
    "2019": 50.0,
    "2020": 120.0,
    "2021": null,
    "2022": null,
    "2023": null,
    "2024": null
  },
  {
    "id": 205,
    "last_name": "Huskanović",
    "first_name": "Selim",
    "2019": 50.0,
    "2020": 120.0,
    "2021": 120.0,
    "2022": 60.0,
    "2023": null,
    "2024": null
  },
  {
    "id": 206,
    "last_name": "Huzeirović ",
    "first_name": "Razija",
    "2019": 50.0,
    "2020": 120.0,
    "2021": 120.0,
    "2022": 120.0,
    "2023": null,
    "2024": null
  },
  {
    "id": 207,
    "last_name": "Ibrišagić ",
    "first_name": "Namka",
    "2019": 50.0,
    "2020": 60.0,
    "2021": 60.0,
    "2022": 60.0,
    "2023": 60.0,
    "2024": null
  },
  {
    "id": 208,
    "last_name": "Ikanović",
    "first_name": "Almir",
    "2019": 60.0,
    "2020": 120.0,
    "2021": 120.0,
    "2022": 120.0,
    "2023": null,
    "2024": null
  },
  {
    "id": 209,
    "last_name": "Ikanović",
    "first_name": "Asmir",
    "2019": 60.0,
    "2020": null,
    "2021": null,
    "2022": null,
    "2023": null,
    "2024": null
  },
  {
    "id": 210,
    "last_name": "Ikanović",
    "first_name": "Bumedijan",
    "2019": 50.0,
    "2020": 120.0,
    "2021": 120.0,
    "2022": 120.0,
    "2023": null,
    "2024": null
  },
  {
    "id": 211,
    "last_name": "Ikanović",
    "first_name": "Džemal *Devla",
    "2019": 50.0,
    "2020": 60.0,
    "2021": 120.0,
    "2022": 120.0,
    "2023": 120.0,
    "2024": null
  },
  {
    "id": 212,
    "last_name": "Ikanović",
    "first_name": "Dževad",
    "2019": 50.0,
    "2020": 120.0,
    "2021": 120.0,
    "2022": 120.0,
    "2023": null,
    "2024": null
  },
  {
    "id": 213,
    "last_name": "Ikanović",
    "first_name": "Edin",
    "2019": 50.0,
    "2020": 120.0,
    "2021": 120.0,
    "2022": 120.0,
    "2023": null,
    "2024": null
  },
  {
    "id": 214,
    "last_name": "Ikanović",
    "first_name": "Esad",
    "2019": 40.0,
    "2020": 60.0,
    "2021": 60.0,
    "2022": 60.0,
    "2023": 60.0,
    "2024": null
  },
  {
    "id": 215,
    "last_name": "Ikanović",
    "first_name": "Fadil",
    "2019": 50.0,
    "2020": 60.0,
    "2021": 60.0,
    "2022": 60.0,
    "2023": null,
    "2024": null
  },
  {
    "id": 216,
    "last_name": "Ikanović",
    "first_name": "Fajiz",
    "2019": 50.0,
    "2020": 70.0,
    "2021": 70.0,
    "2022": 70.0,
    "2023": null,
    "2024": null
  },
  {
    "id": 217,
    "last_name": "Ikanović",
    "first_name": "Halid",
    "2019": 50.0,
    "2020": 60.0,
    "2021": 60.0,
    "2022": 60.0,
    "2023": 60.0,
    "2024": null
  },
  {
    "id": 218,
    "last_name": "Ikanović",
    "first_name": "Ismet *Hasnija",
    "2019": 50.0,
    "2020": 60.0,
    "2021": 60.0,
    "2022": 60.0,
    "2023": 60.0,
    "2024": null
  },
  {
    "id": 219,
    "last_name": "Ikanović",
    "first_name": "Jusuf",
    "2019": 50.0,
    "2020": 120.0,
    "2021": 120.0,
    "2022": 120.0,
    "2023": null,
    "2024": null
  },
  {
    "id": 220,
    "last_name": "Ikanović",
    "first_name": "Kemal",
    "2019": 60.0,
    "2020": 120.0,
    "2021": 120.0,
    "2022": 120.0,
    "2023": null,
    "2024": null
  },
  {
    "id": 221,
    "last_name": "Ikanović",
    "first_name": "Lutvija",
    "2019": 50.0,
    "2020": 60.0,
    "2021": 60.0,
    "2022": 60.0,
    "2023": null,
    "2024": null
  },
  {
    "id": 222,
    "last_name": "Ikanović",
    "first_name": "Nedžad",
    "2019": 50.0,
    "2020": 60.0,
    "2021": null,
    "2022": 60.0,
    "2023": null,
    "2024": null
  },
  {
    "id": 223,
    "last_name": "Ikanović",
    "first_name": "Osman",
    "2019": 50.0,
    "2020": 60.0,
    "2021": 60.0,
    "2022": 60.0,
    "2023": 60.0,
    "2024": null
  },
  {
    "id": 224,
    "last_name": "Ikanović",
    "first_name": "Said",
    "2019": 50.0,
    "2020": 60.0,
    "2021": 60.0,
    "2022": null,
    "2023": null,
    "2024": null
  },
  {
    "id": 225,
    "last_name": "Ikanović",
    "first_name": "Sakib",
    "2019": 50.0,
    "2020": 60.0,
    "2021": 120.0,
    "2022": 120.0,
    "2023": null,
    "2024": null
  },
  {
    "id": 226,
    "last_name": "Ikanović",
    "first_name": "Semira",
    "2019": 40.0,
    "2020": 60.0,
    "2021": 60.0,
    "2022": 60.0,
    "2023": null,
    "2024": null
  },
  {
    "id": 227,
    "last_name": "Ikanović",
    "first_name": "Sevla",
    "2019": 50.0,
    "2020": 60.0,
    "2021": 60.0,
    "2022": null,
    "2023": null,
    "2024": null
  },
  {
    "id": 228,
    "last_name": "Imamović",
    "first_name": "Fuad",
    "2019": null,
    "2020": null,
    "2021": 120.0,
    "2022": 120.0,
    "2023": null,
    "2024": null
  },
  {
    "id": 229,
    "last_name": "Imamović",
    "first_name": "Hilmija",
    "2019": 60.0,
    "2020": 120.0,
    "2021": 120.0,
    "2022": 120.0,
    "2023": 120.0,
    "2024": null
  },
  {
    "id": 230,
    "last_name": "Imamović",
    "first_name": "Mehmed",
    "2019": 50.0,
    "2020": 60.0,
    "2021": 60.0,
    "2022": 60.0,
    "2023": 60.0,
    "2024": null
  },
  {
    "id": 231,
    "last_name": "Imamović",
    "first_name": "Nermina",
    "2019": 40.0,
    "2020": 40.0,
    "2021": 40.0,
    "2022": 40.0,
    "2023": 40.0,
    "2024": null
  },
  {
    "id": 232,
    "last_name": "Islamović ",
    "first_name": "Edin",
    "2019": 70.0,
    "2020": 120.0,
    "2021": 120.0,
    "2022": 120.0,
    "2023": null,
    "2024": null
  },
  {
    "id": 233,
    "last_name": "Islamović ",
    "first_name": "Fuad",
    "2019": 50.0,
    "2020": null,
    "2021": null,
    "2022": null,
    "2023": null,
    "2024": null
  },
  {
    "id": 234,
    "last_name": "Islamović ",
    "first_name": "Hasan",
    "2019": 50.0,
    "2020": 60.0,
    "2021": 60.0,
    "2022": null,
    "2023": null,
    "2024": null
  },
  {
    "id": 235,
    "last_name": "Islamović ",
    "first_name": "Ismet",
    "2019": 50.0,
    "2020": 60.0,
    "2021": 60.0,
    "2022": null,
    "2023": null,
    "2024": null
  },
  {
    "id": 236,
    "last_name": "Islamović ",
    "first_name": "Kemal",
    "2019": 70.0,
    "2020": 120.0,
    "2021": 120.0,
    "2022": 120.0,
    "2023": null,
    "2024": null
  },
  {
    "id": 237,
    "last_name": "Islamović ",
    "first_name": "Mirsad *Mehmed",
    "2019": 50.0,
    "2020": 120.0,
    "2021": 120.0,
    "2022": 120.0,
    "2023": 120.0,
    "2024": null
  },
  {
    "id": 238,
    "last_name": "Islamović ",
    "first_name": "Mirsad *Meho",
    "2019": 50.0,
    "2020": 60.0,
    "2021": 60.0,
    "2022": 60.0,
    "2023": null,
    "2024": null
  },
  {
    "id": 239,
    "last_name": "Islamović ",
    "first_name": "Mirzad",
    "2019": 60.0,
    "2020": 60.0,
    "2021": 60.0,
    "2022": 60.0,
    "2023": null,
    "2024": null
  },
  {
    "id": 240,
    "last_name": "Islamović ",
    "first_name": "Muharema",
    "2019": 50.0,
    "2020": 60.0,
    "2021": 100.0,
    "2022": 100.0,
    "2023": null,
    "2024": null
  },
  {
    "id": 241,
    "last_name": "Islamović ",
    "first_name": "Mustafa",
    "2019": 60.0,
    "2020": 60.0,
    "2021": 60.0,
    "2022": null,
    "2023": null,
    "2024": null
  },
  {
    "id": 242,
    "last_name": "Islamović ",
    "first_name": "Nermin",
    "2019": 40.0,
    "2020": 60.0,
    "2021": 60.0,
    "2022": 60.0,
    "2023": 60.0,
    "2024": null
  },
  {
    "id": 243,
    "last_name": "Islamović ",
    "first_name": "Rasim",
    "2019": 40.0,
    "2020": 60.0,
    "2021": 60.0,
    "2022": null,
    "2023": null,
    "2024": null
  },
  {
    "id": 244,
    "last_name": "Islamović ",
    "first_name": "Raza",
    "2019": 50.0,
    "2020": null,
    "2021": null,
    "2022": null,
    "2023": null,
    "2024": null
  },
  {
    "id": 245,
    "last_name": "Islamović ",
    "first_name": "Šefik *Hanče",
    "2019": 60.0,
    "2020": 120.0,
    "2021": 120.0,
    "2022": 120.0,
    "2023": 120.0,
    "2024": null
  },
  {
    "id": 246,
    "last_name": "Jusić",
    "first_name": "Amir",
    "2019": null,
    "2020": 60.0,
    "2021": 60.0,
    "2022": 60.0,
    "2023": null,
    "2024": null
  },
  {
    "id": 247,
    "last_name": "Kadić",
    "first_name": "Bekir",
    "2019": 50.0,
    "2020": null,
    "2021": null,
    "2022": null,
    "2023": null,
    "2024": null
  },
  {
    "id": 248,
    "last_name": "Kadić",
    "first_name": "Fehim",
    "2019": 50.0,
    "2020": null,
    "2021": null,
    "2022": 60.0,
    "2023": null,
    "2024": null
  },
  {
    "id": 249,
    "last_name": "Kadić",
    "first_name": "Halida",
    "2019": 60.0,
    "2020": 60.0,
    "2021": 120.0,
    "2022": null,
    "2023": null,
    "2024": null
  },
  {
    "id": 250,
    "last_name": "Kadić",
    "first_name": "Hatija",
    "2019": 50.0,
    "2020": 60.0,
    "2021": 240.0,
    "2022": null,
    "2023": null,
    "2024": null
  },
  {
    "id": 251,
    "last_name": "Kadrijaj",
    "first_name": "Fehime",
    "2019": 50.0,
    "2020": 120.0,
    "2021": 120.0,
    "2022": 120.0,
    "2023": 120.0,
    "2024": null
  },
  {
    "id": 252,
    "last_name": "Kahrimanović",
    "first_name": "Džemila",
    "2019": 50.0,
    "2020": 60.0,
    "2021": 60.0,
    "2022": 60.0,
    "2023": null,
    "2024": null
  },
  {
    "id": 253,
    "last_name": "Kahrimanović",
    "first_name": "Džemka",
    "2019": 40.0,
    "2020": 50.0,
    "2021": 60.0,
    "2022": 60.0,
    "2023": 60.0,
    "2024": null
  },
  {
    "id": 254,
    "last_name": "Kahrimanović",
    "first_name": "Esad",
    "2019": 40.0,
    "2020": null,
    "2021": null,
    "2022": null,
    "2023": null,
    "2024": null
  },
  {
    "id": 255,
    "last_name": "Kahrimanović",
    "first_name": "Fikra ",
    "2019": 50.0,
    "2020": 50.0,
    "2021": null,
    "2022": null,
    "2023": null,
    "2024": null
  },
  {
    "id": 256,
    "last_name": "Kahrimanović",
    "first_name": "Hamdija",
    "2019": 50.0,
    "2020": 60.0,
    "2021": 60.0,
    "2022": 60.0,
    "2023": null,
    "2024": null
  },
  {
    "id": 257,
    "last_name": "Kahrimanović",
    "first_name": "Husein",
    "2019": 0.0,
    "2020": 0.0,
    "2021": 0.0,
    "2022": 0.0,
    "2023": 0.0,
    "2024": null
  },
  {
    "id": 258,
    "last_name": "Kahrimanović",
    "first_name": "Semir",
    "2019": 50.0,
    "2020": 60.0,
    "2021": 60.0,
    "2022": 60.0,
    "2023": null,
    "2024": null
  },
  {
    "id": 259,
    "last_name": "Kahrimanović",
    "first_name": "Šero *Derviš",
    "2019": 50.0,
    "2020": 60.0,
    "2021": 60.0,
    "2022": 60.0,
    "2023": null,
    "2024": null
  },
  {
    "id": 260,
    "last_name": "Kahrimanović",
    "first_name": "Šero *Suljo",
    "2019": 40.0,
    "2020": 60.0,
    "2021": 60.0,
    "2022": 60.0,
    "2023": null,
    "2024": null
  },
  {
    "id": 261,
    "last_name": "Kahrimanović",
    "first_name": "Zijad",
    "2019": 50.0,
    "2020": 120.0,
    "2021": 120.0,
    "2022": 120.0,
    "2023": null,
    "2024": null
  },
  {
    "id": 262,
    "last_name": "Kerić",
    "first_name": "Admir",
    "2019": null,
    "2020": null,
    "2021": null,
    "2022": null,
    "2023": 120.0,
    "2024": null
  },
  {
    "id": 263,
    "last_name": "Kerić",
    "first_name": "Edin",
    "2019": 50.0,
    "2020": 120.0,
    "2021": 120.0,
    "2022": 120.0,
    "2023": null,
    "2024": null
  },
  {
    "id": 264,
    "last_name": "Kerić",
    "first_name": "Irfan",
    "2019": 50.0,
    "2020": 120.0,
    "2021": 120.0,
    "2022": 120.0,
    "2023": 120.0,
    "2024": null
  },
  {
    "id": 265,
    "last_name": "Kerić",
    "first_name": "Kemal",
    "2019": 50.0,
    "2020": null,
    "2021": null,
    "2022": null,
    "2023": null,
    "2024": null
  },
  {
    "id": 266,
    "last_name": "Kerić",
    "first_name": "Mihra",
    "2019": 70.0,
    "2020": 120.0,
    "2021": null,
    "2022": null,
    "2023": null,
    "2024": null
  },
  {
    "id": 267,
    "last_name": "Kerić",
    "first_name": "Mustafa",
    "2019": 50.0,
    "2020": 120.0,
    "2021": 120.0,
    "2022": null,
    "2023": null,
    "2024": null
  },
  {
    "id": 268,
    "last_name": "Kerić",
    "first_name": "Reuf",
    "2019": 80.0,
    "2020": 80.0,
    "2021": 120.0,
    "2022": 120.0,
    "2023": 120.0,
    "2024": null
  },
  {
    "id": 269,
    "last_name": "Kerić",
    "first_name": "Vasvija",
    "2019": 50.0,
    "2020": 120.0,
    "2021": 120.0,
    "2022": 120.0,
    "2023": 120.0,
    "2024": null
  },
  {
    "id": 270,
    "last_name": "Kerić",
    "first_name": "Zekerijah",
    "2019": 50.0,
    "2020": 120.0,
    "2021": 120.0,
    "2022": 120.0,
    "2023": 120.0,
    "2024": null
  },
  {
    "id": 271,
    "last_name": "Kočanović ",
    "first_name": "Džemal ",
    "2019": 50.0,
    "2020": 60.0,
    "2021": 60.0,
    "2022": 60.0,
    "2023": 60.0,
    "2024": null
  },
  {
    "id": 272,
    "last_name": "Kočanović ",
    "first_name": "Nedžad",
    "2019": 30.0,
    "2020": 50.0,
    "2021": 60.0,
    "2022": 60.0,
    "2023": null,
    "2024": null
  },
  {
    "id": 273,
    "last_name": "Kolonić",
    "first_name": "Advan",
    "2019": 60.0,
    "2020": null,
    "2021": null,
    "2022": null,
    "2023": null,
    "2024": null
  },
  {
    "id": 274,
    "last_name": "Kolonić",
    "first_name": "Fajko",
    "2019": null,
    "2020": 60.0,
    "2021": 60.0,
    "2022": 60.0,
    "2023": 60.0,
    "2024": null
  },
  {
    "id": 275,
    "last_name": "Kolonić",
    "first_name": "Farah",
    "2019": null,
    "2020": null,
    "2021": null,
    "2022": 120.0,
    "2023": 120.0,
    "2024": null
  },
  {
    "id": 276,
    "last_name": "Kolonić",
    "first_name": "Faruk",
    "2019": 100.0,
    "2020": 234.0,
    "2021": 244.0,
    "2022": 120.0,
    "2023": 120.0,
    "2024": null
  },
  {
    "id": 277,
    "last_name": "Kolonić",
    "first_name": "Hazim",
    "2019": 60.0,
    "2020": 60.0,
    "2021": 60.0,
    "2022": 60.0,
    "2023": 60.0,
    "2024": null
  },
  {
    "id": 278,
    "last_name": "Kolonić",
    "first_name": "Ishak",
    "2019": 40.0,
    "2020": 60.0,
    "2021": 60.0,
    "2022": 60.0,
    "2023": 60.0,
    "2024": null
  },
  {
    "id": 279,
    "last_name": "Kolonić",
    "first_name": "Ljubica",
    "2019": 50.0,
    "2020": 60.0,
    "2021": 60.0,
    "2022": 60.0,
    "2023": 60.0,
    "2024": null
  },
  {
    "id": 280,
    "last_name": "Kolonić",
    "first_name": "Nizam",
    "2019": 100.0,
    "2020": 100.0,
    "2021": 120.0,
    "2022": 120.0,
    "2023": 120.0,
    "2024": null
  },
  {
    "id": 281,
    "last_name": "Kolonić",
    "first_name": "Rajfa",
    "2019": 70.0,
    "2020": 120.0,
    "2021": 120.0,
    "2022": 120.0,
    "2023": 120.0,
    "2024": null
  },
  {
    "id": 282,
    "last_name": "Kolonić",
    "first_name": "Saud",
    "2019": 60.0,
    "2020": 70.0,
    "2021": 70.0,
    "2022": 80.0,
    "2023": null,
    "2024": null
  },
  {
    "id": 283,
    "last_name": "Kolonić",
    "first_name": "Sena",
    "2019": 60.0,
    "2020": 120.0,
    "2021": 120.0,
    "2022": 120.0,
    "2023": 120.0,
    "2024": null
  },
  {
    "id": 284,
    "last_name": "Kolonić",
    "first_name": "Sulejman",
    "2019": 50.0,
    "2020": 120.0,
    "2021": 120.0,
    "2022": 120.0,
    "2023": null,
    "2024": null
  },
  {
    "id": 285,
    "last_name": "Kolonić",
    "first_name": "Tenzile",
    "2019": 70.0,
    "2020": 70.0,
    "2021": 60.0,
    "2022": null,
    "2023": null,
    "2024": null
  },
  {
    "id": 286,
    "last_name": "Kolonić, Dr.",
    "first_name": "Sadat",
    "2019": 100.0,
    "2020": 120.0,
    "2021": 120.0,
    "2022": 120.0,
    "2023": 120.0,
    "2024": null
  },
  {
    "id": 287,
    "last_name": "Komarević ",
    "first_name": "Ajaz",
    "2019": 50.0,
    "2020": 60.0,
    "2021": 60.0,
    "2022": 60.0,
    "2023": null,
    "2024": null
  },
  {
    "id": 288,
    "last_name": "Kumšić",
    "first_name": "Razija",
    "2019": 60.0,
    "2020": null,
    "2021": null,
    "2022": null,
    "2023": null,
    "2024": null
  },
  {
    "id": 289,
    "last_name": "Kuruzović ",
    "first_name": "Adevija",
    "2019": 40.0,
    "2020": 60.0,
    "2021": 60.0,
    "2022": null,
    "2023": null,
    "2024": null
  },
  {
    "id": 290,
    "last_name": "Kuruzović ",
    "first_name": "Dževad",
    "2019": 70.0,
    "2020": 120.0,
    "2021": 120.0,
    "2022": 120.0,
    "2023": null,
    "2024": null
  },
  {
    "id": 291,
    "last_name": "Malić",
    "first_name": "Senija",
    "2019": null,
    "2020": null,
    "2021": null,
    "2022": null,
    "2023": null,
    "2024": null
  },
  {
    "id": 292,
    "last_name": "Mašić",
    "first_name": "Hazim",
    "2019": 50.0,
    "2020": 60.0,
    "2021": 60.0,
    "2022": 60.0,
    "2023": 60.0,
    "2024": null
  },
  {
    "id": 293,
    "last_name": "Mašić",
    "first_name": "Kadire",
    "2019": 40.0,
    "2020": 60.0,
    "2021": 60.0,
    "2022": 60.0,
    "2023": 60.0,
    "2024": null
  },
  {
    "id": 294,
    "last_name": "Mašić",
    "first_name": "Nafa",
    "2019": 40.0,
    "2020": 50.0,
    "2021": 60.0,
    "2022": 70.0,
    "2023": null,
    "2024": null
  },
  {
    "id": 295,
    "last_name": "Mašić",
    "first_name": "Sena",
    "2019": 50.0,
    "2020": 60.0,
    "2021": null,
    "2022": null,
    "2023": null,
    "2024": null
  },
  {
    "id": 296,
    "last_name": "Mašić",
    "first_name": "Zejfa",
    "2019": 40.0,
    "2020": 60.0,
    "2021": 60.0,
    "2022": 60.0,
    "2023": null,
    "2024": null
  },
  {
    "id": 297,
    "last_name": "Mešić",
    "first_name": "Asim",
    "2019": 50.0,
    "2020": 120.0,
    "2021": 120.0,
    "2022": 120.0,
    "2023": null,
    "2024": null
  },
  {
    "id": 298,
    "last_name": "Mešić",
    "first_name": "Dževad",
    "2019": 50.0,
    "2020": 60.0,
    "2021": 60.0,
    "2022": 60.0,
    "2023": null,
    "2024": null
  },
  {
    "id": 299,
    "last_name": "Mešić",
    "first_name": "Ermin *Velid",
    "2019": 50.0,
    "2020": 60.0,
    "2021": 60.0,
    "2022": 60.0,
    "2023": 60.0,
    "2024": null
  },
  {
    "id": 300,
    "last_name": "Mešić",
    "first_name": "Sead",
    "2019": 50.0,
    "2020": 60.0,
    "2021": 60.0,
    "2022": 60.0,
    "2023": null,
    "2024": null
  },
  {
    "id": 301,
    "last_name": "Mešić",
    "first_name": "Zilha",
    "2019": 70.0,
    "2020": 120.0,
    "2021": 120.0,
    "2022": 120.0,
    "2023": 120.0,
    "2024": null
  },
  {
    "id": 302,
    "last_name": "Muhić",
    "first_name": "Damir",
    "2019": 50.0,
    "2020": 50.0,
    "2021": 50.0,
    "2022": 50.0,
    "2023": null,
    "2024": null
  },
  {
    "id": 303,
    "last_name": "Mujkanović",
    "first_name": "Raza",
    "2019": 50.0,
    "2020": 60.0,
    "2021": null,
    "2022": 60.0,
    "2023": null,
    "2024": null
  },
  {
    "id": 304,
    "last_name": "Murtčehajić",
    "first_name": "Mevlida",
    "2019": 40.0,
    "2020": 60.0,
    "2021": 60.0,
    "2022": 60.0,
    "2023": 60.0,
    "2024": null
  },
  {
    "id": 305,
    "last_name": "Murtić",
    "first_name": "Haris",
    "2019": 50.0,
    "2020": 120.0,
    "2021": 120.0,
    "2022": 120.0,
    "2023": 120.0,
    "2024": null
  },
  {
    "id": 306,
    "last_name": "Murtić",
    "first_name": "Ismet",
    "2019": null,
    "2020": null,
    "2021": 120.0,
    "2022": null,
    "2023": null,
    "2024": null
  },
  {
    "id": 307,
    "last_name": "Murtić",
    "first_name": "Jusuf Jusa",
    "2019": 70.0,
    "2020": 70.0,
    "2021": 70.0,
    "2022": 70.0,
    "2023": null,
    "2024": null
  },
  {
    "id": 308,
    "last_name": "Murtić",
    "first_name": "Mesud",
    "2019": 50.0,
    "2020": 60.0,
    "2021": 60.0,
    "2022": 60.0,
    "2023": null,
    "2024": null
  },
  {
    "id": 309,
    "last_name": "Murtić",
    "first_name": "Muris",
    "2019": 50.0,
    "2020": 120.0,
    "2021": 120.0,
    "2022": 120.0,
    "2023": 120.0,
    "2024": null
  },
  {
    "id": 310,
    "last_name": "Mušić",
    "first_name": "Asmir",
    "2019": 60.0,
    "2020": 120.0,
    "2021": 120.0,
    "2022": null,
    "2023": null,
    "2024": null
  },
  {
    "id": 311,
    "last_name": "Mušić",
    "first_name": "Sejad",
    "2019": null,
    "2020": null,
    "2021": 120.0,
    "2022": null,
    "2023": null,
    "2024": null
  },
  {
    "id": 312,
    "last_name": "Nasić",
    "first_name": "Esma",
    "2019": 50.0,
    "2020": 60.0,
    "2021": 60.0,
    "2022": 60.0,
    "2023": 60.0,
    "2024": null
  },
  {
    "id": 313,
    "last_name": "Pašalić",
    "first_name": "Hasan",
    "2019": 50.0,
    "2020": 60.0,
    "2021": 60.0,
    "2022": 60.0,
    "2023": 60.0,
    "2024": null
  },
  {
    "id": 314,
    "last_name": "Pilipović",
    "first_name": "Sajma",
    "2019": null,
    "2020": null,
    "2021": 60.0,
    "2022": 60.0,
    "2023": null,
    "2024": null
  },
  {
    "id": 315,
    "last_name": "Radić",
    "first_name": "Sedika",
    "2019": 50.0,
    "2020": 60.0,
    "2021": 60.0,
    "2022": 60.0,
    "2023": null,
    "2024": null
  },
  {
    "id": 316,
    "last_name": "Ramić",
    "first_name": "Saida",
    "2019": 40.0,
    "2020": 60.0,
    "2021": 60.0,
    "2022": 60.0,
    "2023": 60.0,
    "2024": null
  },
  {
    "id": 317,
    "last_name": "Rešidović",
    "first_name": "Ahmet",
    "2019": 50.0,
    "2020": 60.0,
    "2021": 60.0,
    "2022": 60.0,
    "2023": 60.0,
    "2024": null
  },
  {
    "id": 318,
    "last_name": "Rešidović",
    "first_name": "Braco",
    "2019": 50.0,
    "2020": 60.0,
    "2021": 60.0,
    "2022": 60.0,
    "2023": 60.0,
    "2024": null
  },
  {
    "id": 319,
    "last_name": "Rešidović",
    "first_name": "Faruk",
    "2019": 50.0,
    "2020": 60.0,
    "2021": 60.0,
    "2022": 60.0,
    "2023": 60.0,
    "2024": null
  },
  {
    "id": 320,
    "last_name": "Šabanagić",
    "first_name": "Emsud",
    "2019": 60.0,
    "2020": 60.0,
    "2021": 60.0,
    "2022": 60.0,
    "2023": 60.0,
    "2024": null
  },
  {
    "id": 321,
    "last_name": "Šahurić",
    "first_name": "Azra *Edo",
    "2019": 50.0,
    "2020": 60.0,
    "2021": 60.0,
    "2022": 60.0,
    "2023": 60.0,
    "2024": null
  },
  {
    "id": 322,
    "last_name": "Šahurić",
    "first_name": "Dursum",
    "2019": 70.0,
    "2020": 100.0,
    "2021": 120.0,
    "2022": 120.0,
    "2023": 120.0,
    "2024": null
  },
  {
    "id": 323,
    "last_name": "Šahurić",
    "first_name": "Džanin ",
    "2019": 50.0,
    "2020": null,
    "2021": null,
    "2022": null,
    "2023": null,
    "2024": null
  },
  {
    "id": 324,
    "last_name": "Šahurić",
    "first_name": "Fuad",
    "2019": 50.0,
    "2020": 60.0,
    "2021": 60.0,
    "2022": 60.0,
    "2023": null,
    "2024": null
  },
  {
    "id": 325,
    "last_name": "Šahurić",
    "first_name": "Mevla",
    "2019": 50.0,
    "2020": 120.0,
    "2021": null,
    "2022": null,
    "2023": null,
    "2024": null
  },
  {
    "id": 326,
    "last_name": "Šahurić",
    "first_name": "Midho",
    "2019": 60.0,
    "2020": 60.0,
    "2021": 60.0,
    "2022": null,
    "2023": null,
    "2024": null
  },
  {
    "id": 327,
    "last_name": "Šahurić",
    "first_name": "Mina ",
    "2019": 40.0,
    "2020": 60.0,
    "2021": 60.0,
    "2022": 60.0,
    "2023": null,
    "2024": null
  },
  {
    "id": 328,
    "last_name": "Šahurić",
    "first_name": "Namka",
    "2019": null,
    "2020": 60.0,
    "2021": 60.0,
    "2022": 60.0,
    "2023": 60.0,
    "2024": null
  },
  {
    "id": 329,
    "last_name": "Šahurić",
    "first_name": "Said",
    "2019": 50.0,
    "2020": 60.0,
    "2021": 60.0,
    "2022": 60.0,
    "2023": 60.0,
    "2024": null
  },
  {
    "id": 330,
    "last_name": "Šahurić",
    "first_name": "Senija",
    "2019": 50.0,
    "2020": 60.0,
    "2021": 60.0,
    "2022": null,
    "2023": null,
    "2024": null
  },
  {
    "id": 331,
    "last_name": "Šahurić",
    "first_name": "Smail",
    "2019": 50.0,
    "2020": null,
    "2021": null,
    "2022": null,
    "2023": null,
    "2024": null
  },
  {
    "id": 332,
    "last_name": "Sarajlić",
    "first_name": "Fuad",
    "2019": 60.0,
    "2020": 110.0,
    "2021": 120.0,
    "2022": null,
    "2023": null,
    "2024": null
  },
  {
    "id": 333,
    "last_name": "Sarajlić",
    "first_name": "Iljaz",
    "2019": 60.0,
    "2020": 60.0,
    "2021": 60.0,
    "2022": 60.0,
    "2023": 60.0,
    "2024": null
  },
  {
    "id": 334,
    "last_name": "Sarajlić",
    "first_name": "Mirzet",
    "2019": 60.0,
    "2020": 120.0,
    "2021": 120.0,
    "2022": 120.0,
    "2023": 120.0,
    "2024": null
  },
  {
    "id": 335,
    "last_name": "Sarajlić",
    "first_name": "Suad Suka",
    "2019": 50.0,
    "2020": 60.0,
    "2021": 60.0,
    "2022": null,
    "2023": null,
    "2024": null
  },
  {
    "id": 336,
    "last_name": "Seferović",
    "first_name": "Ešef",
    "2019": 60.0,
    "2020": null,
    "2021": null,
    "2022": null,
    "2023": null,
    "2024": null
  },
  {
    "id": 337,
    "last_name": "Seferović",
    "first_name": "Fahrudin",
    "2019": null,
    "2020": null,
    "2021": null,
    "2022": null,
    "2023": 120.0,
    "2024": null
  },
  {
    "id": 338,
    "last_name": "Seferović",
    "first_name": "Hamed",
    "2019": 60.0,
    "2020": null,
    "2021": null,
    "2022": null,
    "2023": null,
    "2024": null
  },
  {
    "id": 339,
    "last_name": "Seferović",
    "first_name": "Hasan",
    "2019": 60.0,
    "2020": 60.0,
    "2021": 60.0,
    "2022": null,
    "2023": null,
    "2024": null
  },
  {
    "id": 340,
    "last_name": "Seferović",
    "first_name": "Ismet",
    "2019": 50.0,
    "2020": 120.0,
    "2021": 120.0,
    "2022": null,
    "2023": null,
    "2024": null
  },
  {
    "id": 341,
    "last_name": "Seferović",
    "first_name": "Nedžad",
    "2019": 50.0,
    "2020": 60.0,
    "2021": 60.0,
    "2022": null,
    "2023": null,
    "2024": null
  },
  {
    "id": 342,
    "last_name": "Seferović",
    "first_name": "Nihad",
    "2019": 60.0,
    "2020": null,
    "2021": null,
    "2022": null,
    "2023": null,
    "2024": null
  },
  {
    "id": 343,
    "last_name": "Seferović",
    "first_name": "Safet",
    "2019": null,
    "2020": 60.0,
    "2021": 60.0,
    "2022": 60.0,
    "2023": 60.0,
    "2024": null
  },
  {
    "id": 344,
    "last_name": "Seferović",
    "first_name": "Suada",
    "2019": 50.0,
    "2020": 60.0,
    "2021": 60.0,
    "2022": 60.0,
    "2023": 60.0,
    "2024": null
  },
  {
    "id": 345,
    "last_name": "Selimović",
    "first_name": "Bahra",
    "2019": 50.0,
    "2020": 120.0,
    "2021": 120.0,
    "2022": 120.0,
    "2023": 120.0,
    "2024": null
  },
  {
    "id": 346,
    "last_name": "Selimović",
    "first_name": "Samir",
    "2019": 50.0,
    "2020": 120.0,
    "2021": 120.0,
    "2022": 120.0,
    "2023": null,
    "2024": null
  },
  {
    "id": 347,
    "last_name": "Selimović",
    "first_name": "Zehida",
    "2019": 50.0,
    "2020": 120.0,
    "2021": 120.0,
    "2022": 120.0,
    "2023": null,
    "2024": null
  },
  {
    "id": 348,
    "last_name": "Sinanović",
    "first_name": "Fatima",
    "2019": 60.0,
    "2020": 120.0,
    "2021": 120.0,
    "2022": null,
    "2023": null,
    "2024": null
  },
  {
    "id": 349,
    "last_name": "Smajlović",
    "first_name": "Mevlida",
    "2019": 60.0,
    "2020": null,
    "2021": null,
    "2022": null,
    "2023": null,
    "2024": null
  },
  {
    "id": 350,
    "last_name": "Softić ",
    "first_name": "Hasema",
    "2019": 50.0,
    "2020": 120.0,
    "2021": 120.0,
    "2022": null,
    "2023": null,
    "2024": null
  },
  {
    "id": 351,
    "last_name": "Softić ",
    "first_name": "Muhiba",
    "2019": 40.0,
    "2020": 60.0,
    "2021": 60.0,
    "2022": 60.0,
    "2023": null,
    "2024": null
  },
  {
    "id": 352,
    "last_name": "Subašić",
    "first_name": "Asija",
    "2019": 40.0,
    "2020": 60.0,
    "2021": 70.0,
    "2022": 70.0,
    "2023": null,
    "2024": null
  },
  {
    "id": 353,
    "last_name": "Suhonjić",
    "first_name": "Denis",
    "2019": null,
    "2020": null,
    "2021": null,
    "2022": 120.0,
    "2023": null,
    "2024": null
  },
  {
    "id": 354,
    "last_name": "Suhonjić",
    "first_name": "Jasim",
    "2019": 50.0,
    "2020": 60.0,
    "2021": 60.0,
    "2022": 60.0,
    "2023": null,
    "2024": null
  },
  {
    "id": 355,
    "last_name": "Suhonjić",
    "first_name": "Šefik",
    "2019": 50.0,
    "2020": 60.0,
    "2021": 60.0,
    "2022": 60.0,
    "2023": null,
    "2024": null
  },
  {
    "id": 356,
    "last_name": "Suhonjić",
    "first_name": "Velida",
    "2019": 50.0,
    "2020": 60.0,
    "2021": 60.0,
    "2022": 60.0,
    "2023": null,
    "2024": null
  },
  {
    "id": 357,
    "last_name": "Šumić",
    "first_name": "Fate",
    "2019": 50.0,
    "2020": 120.0,
    "2021": 120.0,
    "2022": null,
    "2023": null,
    "2024": null
  },
  {
    "id": 358,
    "last_name": "Šumić",
    "first_name": "Ibrahim",
    "2019": null,
    "2020": 60.0,
    "2021": 60.0,
    "2022": null,
    "2023": null,
    "2024": null
  },
  {
    "id": 359,
    "last_name": "Šumić",
    "first_name": "Ismet",
    "2019": 50.0,
    "2020": 60.0,
    "2021": 60.0,
    "2022": 60.0,
    "2023": 60.0,
    "2024": null
  },
  {
    "id": 360,
    "last_name": "Šumić",
    "first_name": "Mehmed",
    "2019": 60.0,
    "2020": null,
    "2021": null,
    "2022": null,
    "2023": null,
    "2024": null
  },
  {
    "id": 361,
    "last_name": "Šumić",
    "first_name": "Mesud",
    "2019": 50.0,
    "2020": 60.0,
    "2021": 60.0,
    "2022": null,
    "2023": null,
    "2024": null
  },
  {
    "id": 362,
    "last_name": "Šumić",
    "first_name": "Muhamed",
    "2019": 50.0,
    "2020": 60.0,
    "2021": 60.0,
    "2022": 60.0,
    "2023": 60.0,
    "2024": null
  },
  {
    "id": 363,
    "last_name": "Šumić",
    "first_name": "Muharem",
    "2019": 40.0,
    "2020": 120.0,
    "2021": 120.0,
    "2022": 120.0,
    "2023": 120.0,
    "2024": null
  },
  {
    "id": 364,
    "last_name": "Šumić",
    "first_name": "Mujo",
    "2019": 50.0,
    "2020": 60.0,
    "2021": 60.0,
    "2022": 60.0,
    "2023": null,
    "2024": null
  },
  {
    "id": 365,
    "last_name": "Šumić",
    "first_name": "Razim",
    "2019": 60.0,
    "2020": 120.0,
    "2021": 120.0,
    "2022": 120.0,
    "2023": null,
    "2024": null
  },
  {
    "id": 366,
    "last_name": "Šumić",
    "first_name": "Redžepa",
    "2019": 50.0,
    "2020": 60.0,
    "2021": 60.0,
    "2022": 60.0,
    "2023": null,
    "2024": null
  },
  {
    "id": 367,
    "last_name": "Šumić",
    "first_name": "Redžo",
    "2019": null,
    "2020": null,
    "2021": null,
    "2022": 60.0,
    "2023": null,
    "2024": null
  },
  {
    "id": 368,
    "last_name": "Šumić",
    "first_name": "Smail *Fadila",
    "2019": 50.0,
    "2020": 60.0,
    "2021": null,
    "2022": null,
    "2023": null,
    "2024": null
  },
  {
    "id": 369,
    "last_name": "Talić",
    "first_name": "Fehima",
    "2019": 40.0,
    "2020": 60.0,
    "2021": 120.0,
    "2022": null,
    "2023": null,
    "2024": null
  },
  {
    "id": 370,
    "last_name": "Talić",
    "first_name": "Mehmedalija",
    "2019": 60.0,
    "2020": 120.0,
    "2021": 120.0,
    "2022": 120.0,
    "2023": null,
    "2024": null
  },
  {
    "id": 371,
    "last_name": "Topalović",
    "first_name": "Huzeir",
    "2019": 50.0,
    "2020": 60.0,
    "2021": 60.0,
    "2022": 60.0,
    "2023": 60.0,
    "2024": null
  },
  {
    "id": 372,
    "last_name": "Topić",
    "first_name": "Denis",
    "2019": 97.0,
    "2020": 120.0,
    "2021": null,
    "2022": null,
    "2023": null,
    "2024": null
  },
  {
    "id": 373,
    "last_name": "Topić",
    "first_name": "Hajrudin",
    "2019": 50.0,
    "2020": 60.0,
    "2021": 60.0,
    "2022": 60.0,
    "2023": 60.0,
    "2024": null
  },
  {
    "id": 374,
    "last_name": "Topić",
    "first_name": "Huzeir",
    "2019": 50.0,
    "2020": 60.0,
    "2021": 60.0,
    "2022": 60.0,
    "2023": 60.0,
    "2024": null
  },
  {
    "id": 375,
    "last_name": "Topić",
    "first_name": "Ibrahim *Bajko",
    "2019": 60.0,
    "2020": 120.0,
    "2021": 60.0,
    "2022": null,
    "2023": null,
    "2024": null
  },
  {
    "id": 376,
    "last_name": "Topić",
    "first_name": "Mehmed",
    "2019": 50.0,
    "2020": 60.0,
    "2021": 60.0,
    "2022": null,
    "2023": null,
    "2024": null
  },
  {
    "id": 377,
    "last_name": "Topić",
    "first_name": "Mevlida",
    "2019": 40.0,
    "2020": 60.0,
    "2021": 60.0,
    "2022": 60.0,
    "2023": 60.0,
    "2024": null
  },
  {
    "id": 378,
    "last_name": "Topić",
    "first_name": "Osman",
    "2019": 40.0,
    "2020": 60.0,
    "2021": 60.0,
    "2022": null,
    "2023": null,
    "2024": null
  },
  {
    "id": 379,
    "last_name": "Topić",
    "first_name": "Safet",
    "2019": 50.0,
    "2020": 120.0,
    "2021": 120.0,
    "2022": 120.0,
    "2023": null,
    "2024": null
  },
  {
    "id": 380,
    "last_name": "Topić",
    "first_name": "Sena",
    "2019": 50.0,
    "2020": 60.0,
    "2021": 60.0,
    "2022": 60.0,
    "2023": null,
    "2024": null
  },
  {
    "id": 381,
    "last_name": "Topić",
    "first_name": "Sevda",
    "2019": 40.0,
    "2020": 60.0,
    "2021": 60.0,
    "2022": 60.0,
    "2023": 60.0,
    "2024": null
  },
  {
    "id": 382,
    "last_name": "Topić",
    "first_name": "Sulejman",
    "2019": 40.0,
    "2020": 60.0,
    "2021": 60.0,
    "2022": 60.0,
    "2023": null,
    "2024": null
  },
  {
    "id": 383,
    "last_name": "Travančić",
    "first_name": "Ismet",
    "2019": 70.0,
    "2020": 120.0,
    "2021": 120.0,
    "2022": 120.0,
    "2023": 120.0,
    "2024": null
  },
  {
    "id": 384,
    "last_name": "Trepić",
    "first_name": "Bahra",
    "2019": 50.0,
    "2020": 60.0,
    "2021": 60.0,
    "2022": 60.0,
    "2023": null,
    "2024": null
  },
  {
    "id": 385,
    "last_name": "Tulundžić ",
    "first_name": "Goran",
    "2019": 50.0,
    "2020": 60.0,
    "2021": 60.0,
    "2022": 60.0,
    "2023": null,
    "2024": null
  },
  {
    "id": 386,
    "last_name": "Tulundžić ",
    "first_name": "Vasvija",
    "2019": 50.0,
    "2020": 60.0,
    "2021": 60.0,
    "2022": 60.0,
    "2023": null,
    "2024": null
  },
  {
    "id": 387,
    "last_name": "Vejzović",
    "first_name": "Sadija",
    "2019": null,
    "2020": null,
    "2021": null,
    "2022": null,
    "2023": null,
    "2024": null
  },
  {
    "id": 388,
    "last_name": "Velagić",
    "first_name": "Azra",
    "2019": 60.0,
    "2020": null,
    "2021": null,
    "2022": null,
    "2023": null,
    "2024": null
  },
  {
    "id": 389,
    "last_name": "Zahirović ",
    "first_name": "Bekir",
    "2019": 50.0,
    "2020": 60.0,
    "2021": 60.0,
    "2022": 60.0,
    "2023": 60.0,
    "2024": null
  },
  {
    "id": 390,
    "last_name": "Zahirović ",
    "first_name": "Derviša ",
    "2019": 50.0,
    "2020": 50.0,
    "2021": 60.0,
    "2022": 60.0,
    "2023": null,
    "2024": null
  },
  {
    "id": 391,
    "last_name": "Zahirović ",
    "first_name": "Emir",
    "2019": 60.0,
    "2020": 120.0,
    "2021": 120.0,
    "2022": 120.0,
    "2023": null,
    "2024": null
  },
  {
    "id": 392,
    "last_name": "Zahirović ",
    "first_name": "Fehim",
    "2019": 70.0,
    "2020": 60.0,
    "2021": null,
    "2022": null,
    "2023": null,
    "2024": null
  },
  {
    "id": 393,
    "last_name": "Zahirović ",
    "first_name": "Ferid",
    "2019": 40.0,
    "2020": 40.0,
    "2021": null,
    "2022": null,
    "2023": null,
    "2024": null
  },
  {
    "id": 394,
    "last_name": "Zahirović ",
    "first_name": "Ibrahim",
    "2019": 50.0,
    "2020": null,
    "2021": null,
    "2022": null,
    "2023": null,
    "2024": null
  },
  {
    "id": 395,
    "last_name": "Zahirović ",
    "first_name": "Ifet",
    "2019": null,
    "2020": null,
    "2021": null,
    "2022": null,
    "2023": null,
    "2024": null
  },
  {
    "id": 396,
    "last_name": "Zahirović ",
    "first_name": "Kemal",
    "2019": 40.0,
    "2020": 60.0,
    "2021": 60.0,
    "2022": 60.0,
    "2023": null,
    "2024": null
  },
  {
    "id": 397,
    "last_name": "Zahirović ",
    "first_name": "Mevla",
    "2019": 50.0,
    "2020": 60.0,
    "2021": 60.0,
    "2022": 60.0,
    "2023": null,
    "2024": null
  },
  {
    "id": 398,
    "last_name": "Zahirović ",
    "first_name": "Mustafa",
    "2019": 60.0,
    "2020": 120.0,
    "2021": 120.0,
    "2022": 120.0,
    "2023": null,
    "2024": null
  },
  {
    "id": 399,
    "last_name": "Zahirović ",
    "first_name": "Nadžija & Šemsa",
    "2019": 40.0,
    "2020": 60.0,
    "2021": 60.0,
    "2022": 60.0,
    "2023": 60.0,
    "2024": null
  },
  {
    "id": 400,
    "last_name": "Zahirović ",
    "first_name": "Naila",
    "2019": 50.0,
    "2020": 60.0,
    "2021": 60.0,
    "2022": 60.0,
    "2023": 60.0,
    "2024": null
  },
  {
    "id": 401,
    "last_name": "Zahirović ",
    "first_name": "Nazifa",
    "2019": 50.0,
    "2020": 120.0,
    "2021": null,
    "2022": null,
    "2023": null,
    "2024": null
  },
  {
    "id": 402,
    "last_name": "Zahirović ",
    "first_name": "Rezak",
    "2019": null,
    "2020": null,
    "2021": null,
    "2022": null,
    "2023": null,
    "2024": null
  },
  {
    "id": 403,
    "last_name": "Zahirović ",
    "first_name": "Safet",
    "2019": 50.0,
    "2020": null,
    "2021": null,
    "2022": null,
    "2023": null,
    "2024": null
  },
  {
    "id": 404,
    "last_name": "Zahirović ",
    "first_name": "Šeherzada",
    "2019": 50.0,
    "2020": 60.0,
    "2021": 60.0,
    "2022": 60.0,
    "2023": null,
    "2024": null
  },
  {
    "id": 405,
    "last_name": "Zahirović ",
    "first_name": "Suad",
    "2019": null,
    "2020": null,
    "2021": null,
    "2022": null,
    "2023": null,
    "2024": null
  },
  {
    "id": 406,
    "last_name": "Zahirović ",
    "first_name": "Tarik",
    "2019": null,
    "2020": null,
    "2021": null,
    "2022": null,
    "2023": null,
    "2024": null
  },
  {
    "id": 407,
    "last_name": "Zubanović ",
    "first_name": "Adil",
    "2019": 50.0,
    "2020": 60.0,
    "2021": 60.0,
    "2022": 60.0,
    "2023": 60.0,
    "2024": null
  },
  {
    "id": 408,
    "last_name": "Zubanović ",
    "first_name": "Hasan",
    "2019": 60.0,
    "2020": 60.0,
    "2021": 60.0,
    "2022": 60.0,
    "2023": null,
    "2024": null
  },
  {
    "id": 409,
    "last_name": "Zubanović ",
    "first_name": "Izet",
    "2019": 50.0,
    "2020": 60.0,
    "2021": 60.0,
    "2022": 60.0,
    "2023": 60.0,
    "2024": null
  },
  {
    "id": 410,
    "last_name": "Zubanović ",
    "first_name": "Muharem",
    "2019": 60.0,
    "2020": null,
    "2021": null,
    "2022": null,
    "2023": null,
    "2024": null
  },
  {
    "id": 411,
    "last_name": "Zubanović ",
    "first_name": "Rifet",
    "2019": 50.0,
    "2020": 60.0,
    "2021": 60.0,
    "2022": null,
    "2023": null,
    "2024": null
  },
  {
    "id": 412,
    "last_name": "Zubanović ",
    "first_name": "Šefika",
    "2019": 50.0,
    "2020": 120.0,
    "2021": 120.0,
    "2022": 120.0,
    "2023": null,
    "2024": null
  },
  {
    "id": 413,
    "last_name": "Zubanović ",
    "first_name": "Suljo",
    "2019": null,
    "2020": null,
    "2021": null,
    "2022": 60.0,
    "2023": null,
    "2024": null
  },
  {
    "id": 414,
    "last_name": "Zubanović ",
    "first_name": "Vahid",
    "2019": 60.0,
    "2020": 120.0,
    "2021": 120.0,
    "2022": 120.0,
    "2023": null,
    "2024": null
  }
]